# https://github.com/mikedh/trimesh
v 0.29584289 0.25158294 0.95784160
v -0.20441286 0.25472973 0.95801061
v 0.24170147 0.25426915 0.95757201
v 0.29896331 0.24728918 0.95765883
v 0.29672730 0.24894699 0.95851696
v -0.17381801 0.25593217 0.95780912
v 0.19557919 0.25597624 0.95781520
v -0.10847615 0.25690320 0.95770955
v 0.10952590 0.25708023 0.95786989
v -0.29675686 0.23609260 0.95576531
v 0.26220334 0.25440760 0.95661652
v -0.29658589 0.24536008 0.95546862
v -0.18200395 0.25702667 0.95663726
v -0.16358116 0.25702281 0.95689580
v -0.20466737 0.25733435 0.95556295
v -0.21854360 0.25697009 0.95513234
v 0.29933140 0.21413533 0.95539486
v -0.29809219 0.24064918 0.94872668
v -0.29786661 0.21831675 0.94894680
v -0.29788253 0.24637860 0.94954237
v -0.29781580 0.24499673 0.95242047
v -0.29767579 0.21865772 0.95252654
v -0.29736522 0.24919261 0.71047008
v -0.29762170 0.24908300 0.74528731
v -0.29762718 0.24914673 0.84040561
v -0.29761273 0.24919030 0.90201834
v -0.29753837 0.24917492 0.92550182
v -0.29747665 0.24910979 0.94926721
v -0.29714906 0.21496256 0.95192701
v -0.29671234 0.24909002 0.95378718
v -0.29650396 0.25188498 0.70940724
v -0.29661024 0.25197601 0.72843520
v -0.29674843 0.22239764 0.95555684
v -0.29672441 0.25177281 0.77721077
v -0.29671493 0.25178342 0.80391386
v -0.29661489 0.25198832 0.82845190
v -0.29658341 0.25194220 0.90259030
v -0.29653132 0.25191109 0.92967373
v -0.29627013 0.21553627 0.95511922
v -0.29586989 0.25152899 0.95240793
v -0.29640868 0.25224179 0.80156922
v -0.29402405 0.25463614 0.81948161
v -0.29395065 0.25032382 0.95587069
v 0.30138221 0.22011192 0.94668275
v 0.30117458 0.24177313 0.95187014
v 0.30120909 0.24660674 0.94710526
v 0.30167171 0.24607641 0.88320664
v 0.30150932 0.24638613 0.92012560
v 0.30115497 0.21817400 0.95226583
v 0.30142364 0.24918447 0.73106214
v 0.30077899 0.24887936 0.95208350
v 0.30123600 0.24913903 0.71403843
v 0.30094820 0.24918437 0.94202244
v 0.30078027 0.21939380 0.95515040
v 0.30122823 0.24915633 0.87659186
v 0.30115733 0.24915218 0.91130969
v 0.30069748 0.24142186 0.95516324
v 0.30017519 0.24820483 0.95516899
v 0.30051425 0.21492620 0.95161614
v 0.30017763 0.25185342 0.70771825
v 0.29999065 0.25185931 0.94939539
v 0.30064562 0.25178283 0.73102711
v 0.29951060 0.25243355 0.95239541
v 0.29925632 0.23719108 0.95801729
v 0.29926476 0.21945684 0.95794791
v 0.29872945 0.25360800 0.70698032
v -0.24153212 -0.12257490 0.32492431
v -0.24128000 -0.12525070 0.31350569
v -0.23283105 -0.13564415 0.32746121
v -0.23566207 -0.13417444 0.31364855
v -0.23087001 -0.13529456 0.33943324
v -0.23037109 -0.14206199 0.31416745
v -0.22763065 -0.13325836 0.36075258
v -0.22297570 -0.14479564 0.34668247
v -0.22082062 -0.14235710 0.36353697
v -0.21705572 -0.15068728 0.35489348
v -0.21249220 -0.15449987 0.36308834
v -0.21955204 -0.15315241 0.33486028
v -0.22767043 -0.14329486 0.32702462
v -0.22369339 -0.14997891 0.32339823
v -0.22222435 -0.13625893 0.37398593
v -0.21148007 -0.16112761 0.34616075
v -0.20713761 -0.16229795 0.36130743
v -0.20170948 -0.17148066 0.35526636
v -0.20546478 -0.17066586 0.34081246
v -0.20049544 -0.17063954 0.36276567
v -0.20347473 -0.16303165 0.37322715
v -0.19446297 -0.17459325 0.37392429
v -0.19399200 -0.17918648 0.36223418
v -0.19704655 -0.17780657 0.35418867
v -0.19356309 -0.18289116 0.35204874
v -0.21467544 -0.14645314 0.37564393
v -0.20862055 -0.15291862 0.38091208
v -0.21318378 -0.16186215 0.33482111
v -0.20691554 -0.17121124 0.33102031
v -0.21832068 -0.15798406 0.32108627
v -0.20921451 -0.17097625 0.31823638
v -0.19469576 -0.18542698 0.33748426
v -0.20256129 -0.17771447 0.32744727
v -0.20260519 -0.18140271 0.30954242
v -0.27368999 -0.05614025 0.38818479
v -0.27312878 -0.05187068 0.40198271
v -0.27805319 -0.04432941 0.40231477
v -0.28348145 -0.04039583 0.38885121
v -0.27907363 -0.04870086 0.38483746
v -0.28479159 -0.03328322 0.40150032
v -0.28624567 -0.03659873 0.38674305
v -0.22516264 -0.15100941 0.30657627
v -0.21256933 -0.16836208 0.30813418
v -0.21726567 -0.16228274 0.30612174
v -0.19011304 -0.19310799 0.32977125
v -0.19429342 -0.19173463 0.31223139
v -0.18862671 -0.19842963 0.31438388
v -0.20743839 -0.17672378 0.29921776
v -0.20300359 -0.18306099 0.29679105
v -0.23074429 -0.14382812 0.29904211
v -0.23660374 -0.13457198 0.30138445
v -0.22310808 -0.15566175 0.29444161
v -0.19081765 -0.19837351 0.30004995
v -0.21047530 -0.17359348 0.29171410
v -0.21786085 -0.16360098 0.28899936
v -0.20737496 -0.17861977 0.28512295
v -0.20038965 -0.18784696 0.28598981
v -0.19380282 -0.19697973 0.28271869
v -0.18421251 -0.20664531 0.29939079
v -0.18169799 -0.20739007 0.31134588
v -0.17911829 -0.21294099 0.29803707
v -0.17583561 -0.21392697 0.31277233
v -0.17309664 -0.21969509 0.29834844
v -0.18311729 -0.20300773 0.32367705
v -0.18822366 -0.19025351 0.34902346
v -0.18346898 -0.19851506 0.33969654
v -0.17833516 -0.20705310 0.32971685
v -0.18902707 -0.18563133 0.36105728
v -0.18472025 -0.19267492 0.35481395
v -0.20050910 -0.16112055 0.38744384
v -0.19374226 -0.17036478 0.38659168
v -0.22817966 -0.14894769 0.28485318
v -0.24198747 -0.12580350 0.30104530
v -0.20422000 -0.18367390 0.27430421
v -0.19933073 -0.19028126 0.27446380
v -0.18509321 -0.20728627 0.28767386
v -0.19006895 -0.20159708 0.28313349
v -0.22183318 -0.15864345 0.27901198
v -0.23272611 -0.14210844 0.28586560
v -0.28649423 -0.03777650 0.37607584
v -0.21048616 -0.17503417 0.27361721
v -0.21809062 -0.16453183 0.27129245
v -0.24734828 -0.11585487 0.30559963
v -0.17856272 -0.21588179 0.28135161
v -0.18867180 -0.18113591 0.37516904
v -0.24166545 -0.12766881 0.28603108
v -0.29025689 -0.02728729 0.39133269
v -0.18331678 -0.21104993 0.27162655
v -0.19001096 -0.20308283 0.26507403
v -0.19538452 -0.19653863 0.25626439
v -0.20792741 -0.17915635 0.26002270
v -0.20153539 -0.18806848 0.25463785
v -0.21397147 -0.17056018 0.26458107
v -0.23109882 -0.14528987 0.26658136
v -0.22497578 -0.15447755 0.26432636
v -0.28919834 -0.03159195 0.38380944
v -0.24912721 -0.11328618 0.29790412
v -0.25077578 -0.11017992 0.29778615
v -0.24531808 -0.12112007 0.28534815
v -0.23644459 -0.13675687 0.27179338
v -0.21133539 -0.17426729 0.25050741
v -0.21971452 -0.16207421 0.25153399
v -0.17371371 -0.21299949 0.32644968
v -0.17359939 -0.22163336 0.27982020
v -0.16592947 -0.22983906 0.28084479
v -0.16558142 -0.22895549 0.29050143
v -0.17847610 -0.19982365 0.35451917
v -0.17262076 -0.20860776 0.34591900
v -0.16586065 -0.22147128 0.32615732
v -0.18255527 -0.19061705 0.36837752
v -0.18433502 -0.18469919 0.37898729
v -0.18542767 -0.17963365 0.38815894
v -0.16579488 -0.22558063 0.30922846
v -0.18346818 -0.21150982 0.25650969
v -0.19157155 -0.20142050 0.25336708
v -0.17730770 -0.21872734 0.25915764
v -0.17134401 -0.22524665 0.26462458
v -0.16534249 -0.23157148 0.26804027
v -0.24230094 -0.12681727 0.27266672
v -0.20775801 -0.17903621 0.23638347
v -0.20133653 -0.18799855 0.23507798
v -0.19438793 -0.19724506 0.22784400
v -0.19001515 -0.20284230 0.22769874
v -0.18679209 -0.20739886 0.24005693
v -0.18279596 -0.21237901 0.23974016
v -0.21160059 -0.17311826 0.22937560
v -0.22771204 -0.14970689 0.24833590
v -0.22352159 -0.15540065 0.23393387
v -0.21909514 -0.16218665 0.23528719
v -0.23072374 -0.14482574 0.24327543
v -0.23428576 -0.13985063 0.25630957
v -0.24627765 -0.11954507 0.27168228
v -0.25103550 -0.11019501 0.28365861
v -0.24153972 -0.12774570 0.25779922
v -0.20728338 -0.17878549 0.22145376
v -0.20219333 -0.18603618 0.22232243
v -0.20937388 -0.17531714 0.21765548
v -0.22773270 -0.14867492 0.23420504
v -0.17410095 -0.22249962 0.23761487
v -0.29179773 -0.02745733 0.37063296
v -0.29360020 -0.02271472 0.38123168
v -0.18286406 -0.21168607 0.22511676
v -0.17416129 -0.22208832 0.22823751
v -0.23653704 -0.13470997 0.23794377
v -0.21574681 -0.16557720 0.21590260
v -0.24636890 -0.11873908 0.25805737
v -0.16779481 -0.22946788 0.25677344
v -0.22247902 -0.15469183 0.21309507
v -0.22967753 -0.14435305 0.22409263
v -0.19880679 -0.18944484 0.20942435
v -0.19406421 -0.19559285 0.20526734
v -0.20388490 -0.18179674 0.20535672
v -0.18766579 -0.20430958 0.20801985
v -0.24129246 -0.12624471 0.23648873
v -0.17930460 -0.21485358 0.21055692
v -0.18412498 -0.20773467 0.19915676
v -0.25200582 -0.10797397 0.27017382
v -0.21417558 -0.16652448 0.20534581
v -0.23529668 -0.13452707 0.22214133
v -0.21872832 -0.15715376 0.19278866
v -0.22385190 -0.14878218 0.19250911
v -0.23072827 -0.13991040 0.20756343
v -0.24635562 -0.11675021 0.23971477
v -0.19493867 -0.19208501 0.19054011
v -0.20184404 -0.18164521 0.18745589
v -0.20916542 -0.17149815 0.19066790
v -0.16528501 -0.23205678 0.23651588
v -0.18789563 -0.20156297 0.19052252
v -0.29686362 -0.01537491 0.38054904
v -0.29653960 -0.01685727 0.37052457
v -0.29664505 -0.01227716 0.39276502
v -0.29369652 -0.01762550 0.39626481
v -0.24153873 -0.12350950 0.22325239
v -0.23742720 -0.12794319 0.20772356
v -0.24676165 -0.11383015 0.22796282
v -0.17330326 -0.22167964 0.21056604
v -0.21337147 -0.16320011 0.18272057
v -0.16037719 -0.23664978 0.26767653
v -0.25228524 -0.10440472 0.24339503
v -0.17923762 -0.21355850 0.19918287
v -0.16033398 -0.23725066 0.24848703
v -0.15795408 -0.23943947 0.25370103
v -0.15494165 -0.24212198 0.26123632
v -0.25664461 -0.09640916 0.26060523
v -0.16112961 -0.23158939 0.30131376
v -0.15931031 -0.23631109 0.28167273
v -0.15550800 -0.23798233 0.29500353
v -0.19413821 -0.18965568 0.17386249
v -0.18999043 -0.19647880 0.17936400
v -0.20578721 -0.17231737 0.17283237
v -0.20055631 -0.17846945 0.16626427
v -0.23150811 -0.13499038 0.19227383
v -0.16443568 -0.23157170 0.21445322
v -0.16010718 -0.23723564 0.23347566
v -0.15741120 -0.23957048 0.22634006
v -0.15526952 -0.24218951 0.24303249
v -0.16713051 -0.22733550 0.20116833
v -0.17351528 -0.21954842 0.19540855
v -0.17884965 -0.21253136 0.18937537
v -0.18337926 -0.20532750 0.18058386
v -0.22286513 -0.14689462 0.17861256
v -0.21792103 -0.15271069 0.17003587
v -0.20881112 -0.16591333 0.16644210
v -0.22914778 -0.13527909 0.17770225
v -0.24166574 -0.11840776 0.20329723
v -0.24646242 -0.10971217 0.20891473
v -0.23621163 -0.12500973 0.18820065
v -0.22337511 -0.14234351 0.16651565
v -0.18540116 -0.19995786 0.16905937
v -0.17753501 -0.21182781 0.17806518
v -0.23186725 -0.12753174 0.16977698
v -0.19463493 -0.18383662 0.15551609
v -0.18882658 -0.19146030 0.15497941
v -0.20184930 -0.17246221 0.15366316
v -0.25259376 -0.09931579 0.22345775
v -0.16744021 -0.22518857 0.18872026
v -0.17076428 -0.21961319 0.17867374
v -0.21229419 -0.15644869 0.15428358
v -0.25664830 -0.09213737 0.23550329
v -0.26192278 -0.07989127 0.24245775
v -0.29979879 -0.00583714 0.38553100
v -0.21722208 -0.14780118 0.15268660
v -0.22319305 -0.13780609 0.15411279
v -0.23133257 -0.12440498 0.16001675
v -0.24114437 -0.11322857 0.18438980
v -0.23624840 -0.12001561 0.17402527
v -0.30043107 -0.00561030 0.37513400
v -0.17852491 -0.20789073 0.16659799
v -0.25165808 -0.09766851 0.21014374
v -0.15973088 -0.23558167 0.20688757
v -0.15473738 -0.24101327 0.21189064
v -0.18110633 -0.20147020 0.15516305
v -0.24652721 -0.10265602 0.18941337
v -0.29884499 -0.01000725 0.36655189
v -0.17258316 -0.21596625 0.17143875
v -0.15480167 -0.24127422 0.27460603
v -0.20259850 -0.16717842 0.14291176
v -0.19482203 -0.17959356 0.14485160
v -0.16037858 -0.23285973 0.19186479
v -0.15003791 -0.24264626 0.19003910
v -0.15098961 -0.24386849 0.20486164
v -0.25736308 -0.08300591 0.21091220
v -0.26218048 -0.07421767 0.22448945
v -0.16657780 -0.22160763 0.16716993
v -0.16245103 -0.22852723 0.17884514
v -0.21219055 -0.15192024 0.14305466
v -0.15008797 -0.24650918 0.22822425
v -0.14538947 -0.24909537 0.20759052
v -0.17249647 -0.21212909 0.15639755
v -0.18408199 -0.19419591 0.14509961
v -0.24626403 -0.09944861 0.18031716
v -0.23574375 -0.11328073 0.15726358
v -0.25051729 -0.09295081 0.19052052
v -0.25399810 -0.08290613 0.18876344
v -0.25082350 -0.08643629 0.17818636
v -0.22243612 -0.13427357 0.14381272
v -0.22596528 -0.12700315 0.14327139
v -0.19433966 -0.17476231 0.13223761
v -0.17717712 -0.20225126 0.14364067
v -0.17173061 -0.20953812 0.14584583
v -0.16080414 -0.22688259 0.32443443
v -0.15984806 -0.23038019 0.31370620
v -0.15545052 -0.23527665 0.30941825
v -0.15159175 -0.24262650 0.28778589
v -0.16635816 -0.21463414 0.34742713
v -0.16006346 -0.22335705 0.33887599
v -0.17527358 -0.19791140 0.37009673
v -0.17211841 -0.20395279 0.36227050
v -0.16552205 -0.21165729 0.35914466
v -0.17805347 -0.19124094 0.37993386
v -0.18334804 -0.17828919 0.39665171
v -0.15484518 -0.23587629 0.17823371
v -0.15796278 -0.23133831 0.17116192
v -0.18892734 -0.18247382 0.13260457
v -0.16492945 -0.22003208 0.15535074
v -0.15978146 -0.22544046 0.15620440
v -0.20086719 -0.16486192 0.13235250
v -0.20464461 -0.15798478 0.13079253
v -0.17808639 -0.18387349 0.39736744
v -0.15561257 -0.23124926 0.16181722
v -0.14968024 -0.24201171 0.30107363
v -0.14526816 -0.25041275 0.26000842
v -0.14443812 -0.25175540 0.24027583
v -0.14476569 -0.25011592 0.27044918
v -0.14393345 -0.25133730 0.21737632
v -0.16635559 -0.21433285 0.14265472
v -0.14221832 -0.25195788 0.20846257
v -0.17932996 -0.19513826 0.13288015
v -0.15515636 -0.23172861 0.32536054
v -0.15011154 -0.23750311 0.31964999
v -0.15448368 -0.22880219 0.33721519
v -0.17284933 -0.19449693 0.38527214
v -0.16554062 -0.20770538 0.36979538
v -0.16690157 -0.20186868 0.38130089
v -0.17256479 -0.19011611 0.39613286
v -0.15986979 -0.22012255 0.34939779
v -0.14749447 -0.24232419 0.17665929
v -0.15008180 -0.23751132 0.16604346
v -0.15766278 -0.21909139 0.35790841
v -0.15996177 -0.21273865 0.36994645
v -0.16537121 -0.19675447 0.39673799
v -0.16347775 -0.20276268 0.38672262
v -0.16024616 -0.20769358 0.38189067
v -0.14134689 -0.25045578 0.19188935
v -0.17291459 -0.18334819 0.40994652
v -0.13892011 -0.25330083 0.28336827
v -0.13796510 -0.25253390 0.29283981
v -0.13614999 -0.25813825 0.24672869
v -0.13612390 -0.25820749 0.23256859
v -0.13678621 -0.25711681 0.21805534
v -0.13092335 -0.26228531 0.23534775
v -0.13664445 -0.25691064 0.26464939
v -0.15449630 -0.22334822 0.35341252
v -0.14409149 -0.24452199 0.30996582
v -0.16457759 -0.19122641 0.41055024
v -0.14690648 -0.23445691 0.33856888
v -0.14380898 -0.24098460 0.32498290
v -0.13579591 -0.25648706 0.20286697
v -0.13064347 -0.26154904 0.21398866
v -0.13391487 -0.25613539 0.18968236
v -0.13026951 -0.26198457 0.25758809
v -0.15797333 -0.19855794 0.40739218
v -0.13440430 -0.25180496 0.30829290
v -0.14642403 -0.23127952 0.34887463
v -0.14564383 -0.22891296 0.35745032
v -0.15793763 -0.19094412 0.42358139
v -0.15551071 -0.20814542 0.39025673
v -0.15262088 -0.20390967 0.40538210
v -0.15464137 -0.21265446 0.38144565
v -0.15053208 -0.22057320 0.36943345
v -0.14754835 -0.19788592 0.42717832
v -0.14708188 -0.19130561 0.44077307
v -0.14929520 -0.20811644 0.40180530
v -0.14773199 -0.21604155 0.38635162
v -0.14367630 -0.22584349 0.36925985
v -0.14413472 -0.20530663 0.41698726
v -0.13750051 -0.24293385 0.33353691
v -0.30669710 0.02086020 0.38554797
v -0.13669571 -0.23621210 0.35510151
v -0.13768986 -0.23156147 0.36569074
v -0.12784073 -0.26191764 0.27490734
v -0.13238195 -0.24183424 0.34712993
v -0.14234129 -0.21327858 0.40196466
v -0.13633993 -0.22814356 0.37665585
v -0.13758069 -0.22153988 0.39035317
v -0.12825532 -0.25318463 0.31841113
v -0.13642208 -0.19853720 0.44229589
v -0.13715105 -0.20741196 0.42350316
v -0.13359547 -0.21348840 0.41537560
v -0.12873247 -0.25878082 0.29152195
v -0.12479256 -0.26284964 0.28299613
v -0.13083798 -0.23688631 0.36390308
v -0.13110027 -0.22984733 0.38084674
v -0.12421542 -0.25272231 0.32863788
v -0.12819380 -0.24705921 0.33906339
v -0.13010287 -0.19821875 0.45145508
v -0.12785374 -0.21209542 0.42699277
v -0.12730785 -0.20712611 0.43781806
v -0.12268355 -0.20246904 0.45288432
v -0.12390006 -0.26001506 0.30002978
v -0.11981272 -0.26257066 0.29973115
v -0.12188044 -0.26720037 0.25913656
v -0.12437678 -0.24207018 0.36038220
v -0.11649797 -0.19683748 0.47047144
v -0.12316922 -0.26725020 0.24081141
v -0.12138820 -0.22052497 0.41642362
v -0.12615342 -0.23009679 0.38732900
v -0.12193378 -0.23585048 0.37951068
v -0.11920494 -0.21320021 0.43572336
v -0.11921182 -0.20734678 0.44747762
v -0.12023973 -0.25198962 0.33810544
v -0.11901856 -0.26743226 0.27341905
v -0.11060624 -0.26268305 0.31901285
v -0.10586867 -0.26254858 0.32782312
v -0.10982066 -0.25819848 0.33530441
v -0.12508461 -0.26540162 0.21389174
v -0.12565415 -0.26564054 0.22887120
v -0.11521146 -0.26757155 0.28661874
v -0.12637174 -0.26328994 0.20042348
v -0.12596604 -0.26207118 0.18991667
v -0.10833145 -0.20382763 0.46639376
v -0.10542250 -0.19640291 0.48287106
v -0.10505079 -0.19127169 0.49209095
v -0.13736263 -0.25195150 0.18164521
v -0.11071557 -0.25406401 0.34667036
v -0.10557920 -0.21294013 0.45147643
v -0.10949480 -0.22075672 0.43047883
v -0.10760956 -0.25256906 0.35503624
v -0.11331277 -0.24201353 0.37526570
v -0.10911300 -0.26957239 0.29278539
v -0.10739878 -0.22583978 0.42100972
v -0.09901447 -0.20215473 0.47870783
v -0.09896790 -0.20746008 0.46861289
v -0.14477807 -0.24207686 0.16552734
v -0.10620632 -0.24040033 0.38689158
v -0.09799257 -0.19674189 0.48914433
v -0.09473257 -0.19080544 0.50202498
v -0.09933861 -0.26253115 0.33690970
v -0.13287151 -0.25237052 0.16789880
v -0.09634353 -0.22028784 0.44491131
v -0.09179326 -0.21347310 0.46310184
v -0.09683412 -0.22563902 0.43234878
v -0.10139378 -0.25141089 0.36479974
v -0.16029514 -0.22074352 0.14321882
v -0.12973195 -0.25713755 0.17880794
v -0.09060529 -0.19644937 0.49571666
v -0.08958701 -0.20746326 0.47672867
v -0.08516008 -0.20199420 0.49022228
v -0.09571247 -0.25936405 0.34957448
v -0.08856042 -0.19101617 0.50642108
v -0.08415359 -0.18447654 0.52032318
v -0.08096897 -0.19444543 0.50586524
v -0.15491331 -0.22620541 0.14401302
v -0.17209332 -0.20392287 0.13298848
v -0.14944094 -0.23438565 0.15365216
v -0.16402705 -0.21235897 0.13162085
v -0.07446131 -0.17421654 0.54312173
v -0.11992411 -0.26377051 0.17687431
v -0.09568477 -0.25120167 0.37070845
v -0.18091615 -0.18809611 0.12281430
v -0.07126692 -0.18277156 0.53131969
v -0.06974612 -0.19062969 0.51921931
v -0.08090994 -0.21339323 0.47179537
v -0.07936691 -0.20720144 0.48469527
v -0.06761860 -0.20582190 0.49449800
v -0.06746573 -0.19641468 0.51068957
v -0.14630581 -0.23417027 0.14464670
v -0.08585481 -0.26279129 0.35048009
v -0.15551405 -0.22089033 0.13166147
v -0.14867796 -0.22673619 0.13099194
v -0.13849650 -0.24358673 0.15338823
v -0.11873812 -0.26235656 0.16777796
v -0.06581725 -0.17403521 0.54896320
v -0.07892022 -0.22044694 0.45837605
v -0.08467863 -0.22521459 0.44347131
v -0.08451322 -0.23096247 0.43013806
v -0.08625715 -0.26654173 0.33911902
v -0.06422407 -0.16795208 0.55933985
v -0.17310451 -0.19603598 0.11948106
v -0.08490597 -0.25276716 0.37602702
v -0.12475909 -0.25613965 0.16069180
v -0.12792771 -0.25244059 0.15553263
v -0.07587119 -0.26320325 0.35750744
v -0.13686009 -0.24150328 0.14364147
v -0.14311023 -0.23272106 0.13447505
v -0.06717428 -0.21291731 0.48141725
v -0.05931268 -0.17938799 0.54375200
v -0.05723078 -0.19188805 0.52393502
v -0.05638688 -0.18455644 0.53675644
v -0.05438716 -0.16577035 0.56761398
v -0.05071182 -0.17544062 0.55435492
v -0.12926435 -0.24717246 0.14383504
v -0.07350894 -0.22553682 0.45030704
v -0.07458375 -0.23136143 0.43612736
v -0.07721373 -0.23591025 0.42325821
v -0.15538304 -0.21491720 0.11913407
v -0.05881498 -0.20245165 0.50483403
v -0.12263873 -0.25198649 0.14385384
v -0.05762247 -0.20758507 0.49630019
v -0.05766672 -0.21321630 0.48562110
v -0.06186508 -0.22008570 0.46888912
v -0.06702917 -0.26236622 0.36474021
v -0.06108848 -0.26615877 0.35861631
v -0.06909849 -0.23661652 0.42667214
v -0.13564256 -0.23851471 0.13429591
v -0.04443852 -0.15698931 0.58469120
v -0.04472715 -0.16729149 0.56939252
v -0.04367394 -0.17557032 0.55703869
v -0.04120389 -0.18248560 0.54656727
v -0.04308687 -0.19146428 0.53075693
v -0.06373109 -0.23121770 0.44242842
v -0.14662188 -0.22326472 0.12039143
v -0.13608447 -0.23237990 0.12236816
v -0.00814107 -0.34388880 0.18787342
v -0.00384064 -0.34617780 0.19031203
v -0.00751661 -0.34375839 0.18133184
v -0.00509365 -0.34602313 0.18512028
v 0.00075791 -0.34660305 0.19230723
v -0.00065736 -0.34748559 0.18514216
v -0.00407494 -0.34502919 0.17875001
v -0.12903252 -0.24190186 0.13108593
v -0.11848605 -0.25087811 0.13485104
v -0.05878136 -0.23634265 0.43264130
v -0.04630316 -0.20225306 0.51026880
v -0.03541270 -0.20138508 0.51553241
v -0.03491280 -0.15349661 0.59283516
v -0.15434386 -0.21023989 0.10974753
v -0.04633752 -0.21315408 0.48979803
v -0.03609963 -0.20726722 0.50430785
v -0.03268722 -0.16524112 0.57618278
v -0.03165555 -0.17292182 0.56488297
v -0.02700111 -0.18428724 0.54759690
v -0.03280155 -0.19780630 0.52254055
v -0.02619029 -0.14890763 0.60116097
v -0.01987363 -0.15225592 0.59780702
v -0.02035282 -0.17332312 0.56659898
v -0.01721144 -0.16643424 0.57742429
v -0.25861496 0.18199214 0.99506417
v -0.25331217 0.18064444 0.99475604
v -0.26542422 0.18529832 0.99161899
v -0.26399395 0.18547742 0.99505776
v -0.26774696 0.18985586 0.99198630
v -0.08454344 0.25259766 0.19112217
v -0.07688016 0.25734548 0.20120817
v -0.00406477 0.34672163 0.49352720
v 0.26758498 0.19234689 0.99457103
v 0.25028771 0.18077132 0.99478930
v 0.26128289 0.18320233 0.99519449
v 0.26553130 0.18526615 0.99178645
v 0.26522177 0.18702359 0.99507105
v -0.26578349 0.20258398 0.99537861
v -0.26766083 0.19819556 0.99457982
v -0.26734051 0.19124208 0.99450290
v -0.25972685 0.20992444 0.25468019
v -0.26355654 0.20760244 0.25546063
v -0.26585200 0.20486723 0.25527515
v -0.26807863 0.19991301 0.25511052
v 0.26102498 0.20277999 0.99755281
v 0.25973591 0.19071776 0.99771076
v 0.25836617 0.20724754 0.99726325
v 0.25000161 0.18371010 0.99724424
v 0.25644627 0.18346706 0.99720174
v 0.26496831 0.19891146 0.99716905
v 0.26200625 0.18644412 0.99720427
v 0.26491904 0.19234359 0.99707568
v 0.26235697 0.20458160 0.99716976
v 0.26613569 0.20263281 0.99523443
v 0.26777276 0.19819522 0.99462387
v 0.25595665 0.18071571 0.99465343
v 0.25688171 0.21129894 0.25538340
v 0.26212507 0.20840696 0.25473009
v 0.26757830 0.20053239 0.25473091
v 0.26554084 0.20488369 0.25503199
v -0.26177943 0.19443086 0.99757701
v -0.24986763 0.18798588 0.99757552
v -0.25708762 0.20686702 0.99738881
v -0.26295310 0.20048046 0.99737525
v -0.25227320 0.20736814 0.99730745
v -0.25631297 0.18378334 0.99727732
v -0.26181069 0.18658376 0.99709019
v -0.26226848 0.20444897 0.99705240
v -0.26484573 0.19233111 0.99701554
v -0.26487204 0.19851752 0.99708113
v -0.25310349 0.20990364 0.99593151
v -0.25613201 0.21054147 0.99492359
v 0.24557072 0.27867277 0.88878781
v 0.25274014 0.27816196 0.88748696
v 0.25506780 0.27804424 0.88254204
v 0.25621545 0.27791373 0.86740026
v 0.25711748 0.27720802 0.76993293
v 0.25694427 0.27666987 0.75494269
v 0.24763225 0.27749319 0.89325917
v 0.25978768 0.27630214 0.77289945
v 0.25977483 0.27665730 0.86636636
v 0.25994590 0.27617799 0.88098034
v 0.26003006 0.27550279 0.75680915
v 0.26228467 0.27525179 0.86289272
v 0.26229981 0.27514516 0.87464091
v 0.00265178 0.34624849 0.49082884
v 0.00095460 0.34748559 0.49454639
v 0.30006397 0.21365044 0.39070570
v 0.29701999 0.21975242 0.39087441
v 0.29986274 0.21721378 0.40080585
v 0.29643792 0.22255680 0.39628691
v 0.30296159 0.20922892 0.39705297
v 0.29690397 0.22339785 0.40449291
v 0.30295753 0.20416386 0.38633914
v 0.30775863 0.19421224 0.39384507
v 0.30704692 0.19874166 0.40131155
v 0.30689287 0.19118072 0.38378797
v 0.31050435 0.18390049 0.39995591
v 0.30903772 0.18313345 0.38449807
v 0.31183684 0.17316729 0.39043503
v 0.31055218 0.17564617 0.38424888
v 0.31127638 0.17959587 0.40424426
v 0.31286877 0.16837496 0.40137250
v 0.31369439 0.16089064 0.39216057
v 0.31205657 0.16206723 0.37965824
v 0.31401795 0.14786509 0.38102735
v 0.30690467 0.18672134 0.37928521
v 0.30943903 0.17014076 0.37462556
v 0.31187782 0.14826132 0.37024908
v 0.31426981 0.13384050 0.37458570
v 0.31515270 0.14443348 0.39205807
v 0.31509399 0.13790296 0.38320448
v 0.31470037 0.15044254 0.39847113
v 0.31259912 0.13314567 0.36670768
v 0.30928430 0.15858987 0.36707322
v 0.31501052 0.11663032 0.37448035
v 0.31571046 0.12132770 0.38227814
v 0.31563786 0.13450388 0.39287544
v 0.31599283 0.11806093 0.39128353
v 0.31278533 0.11764447 0.36348978
v 0.31409743 0.10812200 0.36794446
v 0.31563881 0.10163802 0.38090780
v 0.31444117 0.09540857 0.36966705
v 0.31461182 0.08549927 0.37285811
v 0.31161091 0.12745536 0.36139169
v 0.31249723 0.10269366 0.36015017
v 0.31301194 0.09059215 0.36202179
v 0.30967453 0.14099200 0.35992984
v 0.31308067 0.08206684 0.36325526
v 0.31382820 0.07152139 0.37165771
v 0.31197339 0.06470736 0.36121953
v 0.31554845 0.09405058 0.38491400
v 0.31148326 0.07279109 0.35686071
v 0.31183487 0.05528528 0.36540480
v 0.31412280 0.07031281 0.38375935
v 0.30922613 0.05362464 0.35224397
v 0.31291184 0.05797024 0.37757608
v 0.31180504 0.04861677 0.37332842
v 0.31478000 0.08654816 0.39390567
v 0.30872181 0.03722426 0.35787071
v 0.30885983 0.03021997 0.36928660
v 0.30703133 0.02662699 0.35754342
v 0.30644131 0.01906696 0.36389244
v 0.31174862 0.05043489 0.38674921
v 0.30931082 0.03181138 0.37964565
v 0.30672145 0.01807122 0.37186278
v 0.30700088 0.01924483 0.37834313
v 0.30960983 0.03742306 0.38908511
v 0.30491000 0.02067852 0.35216680
v 0.30688345 0.02154263 0.38777773
v 0.30322441 0.00361040 0.37018937
v 0.30155072 0.00121669 0.35759683
v 0.30224809 0.00101712 0.38310886
v 0.30046919 -0.00643312 0.37491719
v 0.30247033 0.00453748 0.39016816
v 0.28660527 0.23476034 0.39380879
v 0.27958980 0.24121487 0.39603799
v 0.29142621 0.22621843 0.38714352
v 0.29212040 0.22861266 0.39562222
v 0.27998084 0.24230365 0.40188754
v 0.23043184 0.02445413 0.07423821
v 0.23639861 0.03151260 0.08644229
v 0.22350477 0.01269609 0.06185111
v 0.24135606 0.03234647 0.09707946
v 0.20786840 0.00914064 0.03933379
v 0.21655731 0.00754359 0.05147284
v 0.23111749 0.00917253 0.07473567
v 0.23591304 0.01761325 0.08379292
v 0.23705173 0.00796508 0.08564940
v 0.21655475 -0.00369080 0.05212361
v 0.22367017 -0.00418532 0.06273064
v 0.23016591 -0.00396663 0.07375243
v 0.24186547 0.02005912 0.09630725
v 0.23896973 0.01139608 0.08978236
v 0.20676714 -0.00141285 0.03853965
v 0.21084954 -0.01071912 0.04515159
v 0.19930422 -0.00400612 0.02980149
v 0.24625817 0.03855711 0.10989213
v 0.24685372 0.02889410 0.10897598
v 0.24581818 0.04704840 0.11167902
v 0.24172261 0.00635929 0.09527081
v 0.23650375 -0.00663032 0.08575276
v 0.24733332 0.01545984 0.10841614
v 0.24756676 0.05375727 0.11938399
v 0.23824127 -0.01086784 0.09003389
v 0.24476686 0.00325532 0.10238850
v 0.19424027 -0.00559515 0.02428907
v 0.21629401 -0.01911314 0.05391684
v 0.22526774 -0.00826211 0.06605512
v 0.22963363 -0.01414017 0.07431078
v 0.24204394 -0.00824701 0.09738007
v 0.25074348 0.03850070 0.12192792
v 0.23581815 -0.02064682 0.08694395
v 0.24762444 -0.00102464 0.10909730
v 0.22228138 -0.02282497 0.06362593
v 0.21827781 -0.02630585 0.05822745
v 0.20615384 -0.02036378 0.04041660
v 0.20226431 -0.01478860 0.03468099
v 0.25166821 0.02250658 0.12055954
v 0.24921483 0.01406533 0.11334738
v 0.25332043 0.04296933 0.13125733
v 0.25190362 0.00505610 0.11987355
v 0.22969112 -0.02415770 0.07644281
v 0.21318890 -0.03054864 0.05177870
v 0.24099556 -0.01922803 0.09719568
v 0.25503257 0.02942379 0.13211912
v 0.25230080 0.05250752 0.13288349
v 0.25396645 0.01629131 0.12654427
v 0.24688594 -0.01746965 0.10990298
v 0.23567043 -0.03157461 0.08982867
v 0.22501765 -0.03377594 0.07087505
v 0.19645329 -0.01755407 0.02823663
v 0.23174450 -0.03519287 0.08328906
v 0.20297882 -0.02749594 0.03781947
v 0.21872367 -0.04063136 0.06304413
v 0.25139132 -0.01087670 0.12024975
v 0.18631609 -0.00541587 0.01612306
v 0.18912363 -0.01579159 0.02038035
v 0.20636117 -0.03607592 0.04429418
v 0.21372163 -0.04107920 0.05582458
v 0.24068023 -0.03522416 0.10137552
v 0.24516465 -0.03288653 0.11064783
v 0.25365570 0.00368458 0.12521723
v 0.25663015 0.00983183 0.13437667
v 0.20235483 -0.03791756 0.03961748
v 0.19438313 -0.03252100 0.02898505
v 0.22392669 -0.04506988 0.07293987
v 0.21121992 -0.04444902 0.05327490
v 0.25585103 -0.00692343 0.13257608
v 0.25938448 0.01937979 0.14518365
v 0.25056159 -0.02662104 0.12226689
v 0.25468588 -0.01998393 0.13194820
v 0.23126180 -0.04634246 0.08673877
v 0.23615690 -0.04830648 0.09744602
v 0.26214015 0.01475128 0.15440372
v 0.26167220 0.00491881 0.15207621
v 0.25926802 -0.00675405 0.14411822
v 0.26201448 -0.00962527 0.15445289
v 0.22257946 -0.05488610 0.07460803
v 0.22746499 -0.05916695 0.08543316
v 0.21453986 -0.05698831 0.06265879
v 0.21845356 -0.06449290 0.07202089
v 0.21103203 -0.05335004 0.05629146
v 0.24179812 -0.04828904 0.10968855
v 0.26028126 -0.02268383 0.15235350
v 0.25694373 -0.02604273 0.14145741
v 0.25179642 -0.03391775 0.12874007
v 0.24670543 -0.04509794 0.12029958
v 0.20310095 -0.05514762 0.04620430
v 0.23042823 -0.05649435 0.08996487
v 0.23590530 -0.05597307 0.10069132
v 0.24043918 -0.05804173 0.11187574
v 0.20716883 -0.05958240 0.05313453
v 0.22415616 -0.06858880 0.08389020
v 0.23078513 -0.06862092 0.09692582
v 0.25252295 -0.03990136 0.13395002
v 0.24568576 -0.05466995 0.12328821
v 0.21909301 -0.07397013 0.07806188
v 0.19462927 -0.04379786 0.03243476
v 0.19844316 -0.05328206 0.03980124
v 0.21027671 -0.07234018 0.06309119
v 0.23592626 -0.07273328 0.11049601
v 0.25814241 -0.03503365 0.15031227
v 0.23115513 -0.07525222 0.10186335
v 0.26268873 -0.02846789 0.16438425
v 0.26474088 -0.01308761 0.16743004
v 0.25290832 -0.04952859 0.14129877
v 0.25678703 -0.04755855 0.15389222
v 0.22261600 -0.07914104 0.08717969
v 0.22520679 -0.08523929 0.09620124
v 0.21364804 -0.07640813 0.07043293
v 0.21681482 -0.07694509 0.07588008
v 0.24098679 -0.07019274 0.12148595
v 0.20272002 -0.07146822 0.05216262
v 0.24883193 -0.05875226 0.13547927
v 0.24557441 -0.06778304 0.13271227
v 0.18735494 -0.03093152 0.02151090
v 0.18381689 -0.02066888 0.01595649
v 0.26458418 -0.02738686 0.17273712
v 0.18942066 -0.05057206 0.02862787
v 0.19257814 -0.05561813 0.03391597
v 0.21832395 -0.08710857 0.08446032
v 0.20165600 -0.08131927 0.05565044
v 0.19371851 -0.06872652 0.03997117
v 0.26165107 -0.04112584 0.16892779
v 0.25185442 -0.05888440 0.14524105
v 0.26503980 -0.04209092 0.18691614
v 0.23660576 -0.08121848 0.11884880
v 0.25309452 -0.06280525 0.15375766
v 0.25765455 -0.05670693 0.16643170
v 0.26175821 -0.05167969 0.17994443
v 0.24561554 -0.07333679 0.13813660
v 0.23019016 -0.08790728 0.10888478
v 0.24138378 -0.08100931 0.13206869
v 0.26251382 -0.05673356 0.19059247
v 0.26513886 -0.05591345 0.20628467
v 0.24650824 -0.07648441 0.14426482
v 0.25461718 -0.06895192 0.16794497
v 0.25083369 -0.07217129 0.15567631
v 0.25690043 -0.06776162 0.17741504
v 0.25978485 -0.06601726 0.19060972
v 0.26232073 -0.06683414 0.20721656
v 0.24134982 -0.08692341 0.13855779
v 0.23573124 -0.08947248 0.12417865
v 0.25191656 -0.07862092 0.16947171
v 0.24644716 -0.08426067 0.15395877
v 0.18676932 0.15017243 0.00263795
v 0.18768390 0.15387866 0.00552377
v 0.18632467 0.15930285 0.00548777
v 0.24039398 -0.09621084 0.14736894
v 0.25847811 -0.07811244 0.20627236
v 0.23100001 -0.09747015 0.11939278
v 0.23590206 -0.09950472 0.13603091
v 0.23143502 -0.10611137 0.13026381
v 0.26223713 -0.07377170 0.22428074
v 0.22229443 -0.09611685 0.09840539
v 0.22436383 -0.10390749 0.10928810
v 0.24662818 -0.09304488 0.16894197
v 0.21740024 -0.09334008 0.08709425
v 0.21230498 -0.08765239 0.07474732
v 0.21780252 -0.10447402 0.09617040
v 0.22358079 -0.11564246 0.11988425
v 0.23285888 -0.11182890 0.14329386
v 0.23625661 -0.11044296 0.15439966
v 0.20603511 -0.08727336 0.06489852
v 0.20200485 -0.09458286 0.06322646
v 0.21259731 -0.10683554 0.08847564
v 0.20740862 -0.10387930 0.07744256
v 0.20218571 -0.10088962 0.06748840
v 0.21817939 -0.11730956 0.10863367
v 0.21158873 -0.11983509 0.09761396
v 0.20697853 -0.11720571 0.08688307
v 0.22379577 -0.12458034 0.13258556
v 0.18289495 0.16188960 0.00272986
v 0.20160612 -0.11233806 0.07428190
v 0.23009548 -0.11966543 0.14657527
v 0.21787807 -0.12657017 0.11887023
v 0.21388596 -0.12674060 0.10949036
v 0.19563699 -0.09045091 0.05232489
v 0.19506793 -0.07923488 0.04609558
v 0.20719175 -0.12969060 0.09880441
v 0.19513328 -0.10861429 0.06223047
v 0.19461715 -0.11447702 0.06555229
v 0.20253868 -0.12518822 0.08607644
v 0.19632977 -0.12683359 0.07745212
v 0.19518398 -0.12284574 0.07226226
v 0.20827973 -0.13703445 0.10904920
v 0.20187274 -0.13741095 0.09649447
v 0.20232597 -0.14708877 0.10827535
v 0.21299656 -0.13700031 0.12061828
v 0.20794702 -0.14511445 0.11909693
v 0.21751021 -0.13687052 0.13310277
v 0.18847509 -0.06617586 0.03324121
v 0.18369704 -0.06790045 0.02874193
v 0.18574417 -0.04284916 0.02280697
v 0.21226414 -0.14540677 0.13156122
v 0.19512087 -0.13770512 0.08487961
v 0.19433101 -0.14245071 0.08824879
v 0.19009015 -0.09388447 0.04749548
v 0.18878758 -0.08117593 0.03965595
v 0.18418674 -0.07450434 0.03206205
v 0.18685433 -0.10990346 0.05258030
v 0.19047177 -0.11879018 0.06280512
v 0.18779533 -0.12525618 0.06402534
v 0.19530088 -0.15104939 0.09893683
v 0.20737043 -0.15444593 0.13250592
v 0.20226258 -0.15551330 0.12009886
v 0.17933144 -0.03866862 0.01565686
v 0.18914919 -0.13387395 0.07247368
v 0.18335234 -0.05548114 0.02420741
v 0.18389493 -0.09114221 0.03891578
v 0.18075602 -0.00778716 0.01151416
v 0.17827173 -0.08198619 0.02923933
v 0.18847935 -0.14065219 0.07743853
v 0.19478118 -0.16069101 0.11020249
v 0.18063849 -0.11162999 0.04658881
v 0.17910886 -0.09959251 0.03821075
v 0.18285838 -0.12436903 0.05732015
v 0.17876787 -0.12438823 0.05254108
v 0.20096809 -0.16497758 0.13278651
v 0.19447957 -0.16801710 0.12056524
v 0.18879217 -0.15357922 0.09065992
v 0.18489671 -0.15335633 0.08398321
v 0.18372126 -0.15754560 0.08654094
v 0.17999886 -0.13772839 0.06349349
v 0.18290848 -0.14331545 0.07184318
v 0.17817803 -0.06786508 0.02355534
v 0.18913372 -0.15857309 0.09675080
v 0.17371325 -0.05569777 0.01579535
v 0.18828145 -0.16980837 0.10951039
v 0.18358962 -0.16682631 0.09680608
v 0.17792553 -0.02519020 0.01183334
v 0.18378317 0.16279110 0.00545958
v 0.17327189 -0.11173381 0.03902942
v 0.17252815 -0.12452462 0.04624170
v 0.17805465 -0.15271012 0.07385221
v 0.17773853 -0.16589572 0.08650506
v 0.18843925 -0.17853363 0.12410554
v 0.18341362 -0.17678703 0.10989335
v 0.18336757 -0.18402033 0.12129903
v 0.17807047 -0.17497630 0.09780347
v 0.17626594 -0.18509974 0.10828885
v 0.17368643 0.00107523 0.00533241
v 0.17287366 -0.09822314 0.03180739
v 0.17333429 -0.08858030 0.02753443
v 0.17306693 -0.14564249 0.06188679
v 0.17243515 -0.13452472 0.05304369
v 0.17283615 -0.06829485 0.01931036
v 0.16571283 -0.11197603 0.03248921
v 0.16610187 -0.12323114 0.03922671
v 0.17260864 -0.18102837 0.09680891
v 0.17266263 -0.15830928 0.07249022
v 0.17265241 -0.17045349 0.08454010
v 0.16662925 -0.13858344 0.05020058
v 0.17311165 -0.19639741 0.12075657
v 0.16670619 -0.19181615 0.10215878
v 0.16573963 -0.14424901 0.05359790
v 0.16623220 -0.15475202 0.06224719
v 0.16570999 -0.18092960 0.08737943
v 0.16462283 -0.19025172 0.09694257
v 0.16582935 -0.16580018 0.07191777
v 0.16359147 -0.17792572 0.08166969
v 0.16061069 -0.19952112 0.10372075
v 0.25337836 0.20987983 0.99598637
v -0.21026221 0.27971081 0.89400235
v -0.21753064 0.27954443 0.89177287
v -0.23588786 0.27939530 0.88021493
v -0.22668368 0.27932398 0.88753122
v -0.23935798 0.27960347 0.87440726
v -0.24775513 0.27913217 0.86463848
v -0.25270656 0.27926137 0.85157388
v -0.25969866 0.27888308 0.83039579
v -0.25820291 0.27857567 0.84550387
v -0.26263055 0.27839418 0.82133180
v -0.26233473 0.27808718 0.83556789
v -0.20478858 0.27903335 0.89739469
v -0.25517374 0.27807315 0.85725027
v -0.26224390 0.27799587 0.80014205
v -0.24531110 0.27817856 0.87466735
v -0.26192579 0.27737625 0.84457788
v -0.26498273 0.27730899 0.81183600
v -0.26499361 0.27735858 0.82685661
v -0.26767671 0.27544262 0.82392466
v 0.26221699 0.27508022 0.78267992
v 0.26469678 0.25069259 0.40986914
v 0.27406660 0.24671097 0.40663575
v 0.28104472 0.24248426 0.41035575
v 0.26706719 0.24896438 0.40171847
v 0.27355969 0.24592064 0.39973925
v 0.28583777 0.23794633 0.40510398
v 0.26701611 0.24730206 0.39475580
v 0.28937167 0.23365562 0.40141529
v 0.29172564 0.23120956 0.40607457
v 0.27349663 0.24403131 0.39323651
v -0.07041284 0.28327148 0.90887401
v -0.05533603 0.28216590 0.91459325
v -0.06940138 0.28279375 0.91237122
v -0.07504617 0.28185605 0.91465700
v -0.06306848 0.28150515 0.91738945
v -0.05197909 0.28074379 0.91859052
v -0.05860792 0.27972202 0.92117926
v -0.14445575 0.18406975 0.00629383
v -0.27132714 0.24862972 0.40906062
v -0.26535028 0.24941455 0.39969085
v -0.27388412 0.24760468 0.41349173
v -0.27431178 0.24651644 0.40195406
v -0.27352762 0.24537067 0.39601089
v -0.27979749 0.24116428 0.39459940
v -0.27921736 0.24432895 0.40777345
v -0.28679195 0.23794544 0.40857994
v -0.28113315 0.24223866 0.40275834
v -0.29086152 0.23326270 0.40862375
v -0.28771344 0.23577109 0.39927948
v -0.28595701 0.23468503 0.39082173
v -0.29768339 0.21558361 0.38487943
v -0.29083258 0.22745974 0.38729636
v -0.29684141 0.22117385 0.39319514
v -0.29041952 0.23132946 0.39529239
v -0.29620019 0.22511612 0.40379141
v -0.30054718 0.21655881 0.40256941
v -0.30144930 0.21220696 0.39450863
v -0.30348736 0.20489007 0.38927577
v -0.30091310 0.20489986 0.37953730
v -0.30636564 0.20025457 0.39645052
v -0.30620193 0.20219822 0.40308857
v -0.30315778 0.21074980 0.40946612
v -0.30649826 0.19277327 0.38433997
v -0.30892956 0.18742001 0.38967708
v -0.30672261 0.18872261 0.38064356
v -0.30697989 0.17900942 0.37296884
v -0.30933264 0.17840344 0.38083550
v -0.30905050 0.19110538 0.40001523
v -0.31151953 0.17134678 0.38496813
v -0.31014284 0.16560099 0.37390324
v -0.31129876 0.17917591 0.39590213
v -0.30956301 0.15802392 0.36747846
v -0.31278884 0.15786102 0.38066424
v -0.31186154 0.14799769 0.37015063
v -0.31043702 0.14053866 0.36179124
v -0.31397620 0.14231582 0.37711273
v -0.31353918 0.16235819 0.39080600
v -0.31382230 0.13494970 0.37280186
v -0.31293458 0.13168349 0.36754145
v -0.31500828 0.14097221 0.38378460
v -0.30935961 0.18953900 0.40938550
v -0.31112275 0.18050453 0.40624522
v -0.31197932 0.12146343 0.36106193
v -0.31491411 0.12722696 0.37635436
v -0.31443453 0.11209635 0.36991051
v -0.31272402 0.10479335 0.36108047
v -0.31538653 0.14160916 0.39106527
v -0.31292498 0.16818415 0.40445740
v -0.31555820 0.12141462 0.38042954
v -0.31594497 0.12467114 0.38961527
v -0.31514776 0.10212675 0.37476464
v -0.31444296 0.15487371 0.39926007
v -0.31413585 0.09718058 0.36760296
v -0.31244975 0.08807635 0.35952492
v -0.31098515 0.07721651 0.35477544
v -0.31410146 0.08475424 0.36939788
v -0.31265780 0.07329229 0.36319520
v -0.31077594 0.05828160 0.35819399
v -0.31599283 0.11364871 0.38672707
v -0.31512606 0.09186161 0.37690439
v -0.31550956 0.09632964 0.38153395
v -0.31299391 0.06539179 0.36970319
v -0.31449220 0.07784521 0.37823081
v -0.31533450 0.13829130 0.40014998
v -0.30865842 0.04227715 0.35576698
v -0.31029242 0.04610281 0.36277783
v -0.31191337 0.05273543 0.37083712
v -0.31342924 0.06416797 0.37803040
v -0.31525013 0.08900788 0.38680795
v -0.31561899 0.11148524 0.39706860
v -0.31361288 0.06596052 0.38343187
v -0.30717790 0.02677536 0.36008660
v -0.30616862 0.02772668 0.35367882
v -0.30947611 0.03453707 0.37121171
v -0.31139794 0.04622851 0.37886801
v -0.31180501 0.04957151 0.38228608
v -0.31262988 0.06027963 0.39082988
v -0.30638877 0.01842227 0.36944443
v -0.30405366 0.01493257 0.35557748
v -0.30895144 0.03141545 0.38209954
v -0.30712757 0.02123139 0.37902984
v -0.31090373 0.04699704 0.39066658
v -0.30247360 0.00519964 0.35984212
v -0.30781427 0.02852481 0.39072564
v -0.30162835 -0.00111946 0.36794376
v -0.30379564 0.00704455 0.37713571
v -0.29948843 -0.00515939 0.35788886
v -0.30272484 0.00442508 0.38507660
v -0.26220375 0.01475877 0.15436298
v -0.26235574 0.00343940 0.15461242
v -0.26173171 0.02731016 0.15537122
v -0.26476166 -0.00583319 0.16608369
v -0.26189122 -0.01306033 0.15535557
v -0.25973326 0.00302975 0.14554602
v -0.25642204 0.01904445 0.13453498
v -0.25951725 0.01713883 0.14519545
v -0.25627410 0.00171698 0.13361156
v -0.25783545 0.03451092 0.14321682
v -0.25510094 0.03230484 0.13306803
v -0.25936440 -0.00605339 0.14515531
v -0.26379564 -0.02033998 0.16583642
v -0.26571146 -0.02208689 0.17574000
v -0.25193301 0.01281252 0.12028709
v -0.25555542 -0.01413689 0.13374960
v -0.25809044 -0.02018990 0.14408723
v -0.25131670 0.02814500 0.12054002
v -0.25179127 -0.00565820 0.12066653
v -0.26166958 -0.02468330 0.15921363
v -0.25308120 0.04658441 0.13188115
v -0.25107238 0.04150348 0.12365243
v -0.25132850 -0.01661013 0.12153339
v -0.25420630 -0.02685834 0.13360521
v -0.24761285 0.00138644 0.10903704
v -0.26206443 -0.03599714 0.16739103
v -0.26453367 -0.03662799 0.17988434
v -0.24702318 0.02649184 0.10892940
v -0.24701063 0.01381486 0.10746446
v -0.25669363 -0.03403053 0.14563492
v -0.24635065 0.04140630 0.11090633
v -0.26604518 -0.03986528 0.19147030
v -0.25010680 -0.02607924 0.12128025
v -0.24722505 -0.01120167 0.10974944
v -0.25762182 -0.04520010 0.15645772
v -0.24742500 0.05452561 0.11907646
v -0.24312828 0.05468602 0.10795474
v -0.25188431 -0.03869214 0.13191879
v -0.26239380 -0.04584876 0.17753014
v -0.26003772 -0.04593478 0.16717678
v -0.24630676 -0.02023761 0.10955662
v -0.25413075 -0.04694907 0.14458027
v -0.24213703 0.02347106 0.09721598
v -0.24167043 0.03606574 0.09847948
v -0.24554849 -0.03077447 0.11129788
v -0.24238785 0.01157018 0.09691191
v -0.24237253 -0.00105942 0.09730387
v -0.24695466 -0.04351068 0.12039718
v -0.26527932 -0.05220170 0.20241490
v -0.26629180 -0.05458815 0.21321476
v -0.26262763 -0.05404351 0.18863252
v -0.24120149 -0.01645898 0.09711385
v -0.25710952 -0.05812991 0.16623685
v -0.25423133 -0.05769438 0.15402311
v -0.25174472 -0.05634306 0.14361101
v -0.23639819 0.02971840 0.08546975
v -0.23636512 0.01508161 0.08412024
v -0.23891309 0.00525735 0.08968943
v -0.24896231 -0.05600785 0.13438487
v -0.24574690 -0.05380923 0.12314415
v -0.23706049 -0.00072253 0.08604565
v -0.23629369 -0.01569963 0.08675495
v -0.24054785 -0.02816216 0.09894794
v -0.24170625 -0.04284502 0.10704342
v -0.24149789 -0.04762512 0.10882321
v -0.26196977 -0.05859203 0.19135544
v -0.23546377 -0.00089492 0.08295986
v -0.23062792 0.00555772 0.07357684
v -0.25751698 -0.06456397 0.17675444
v -0.25202876 -0.06667002 0.15472415
v -0.26242107 -0.06725559 0.20879328
v -0.24882415 -0.06917400 0.14575872
v -0.24602367 -0.06803835 0.13514075
v -0.24017042 -0.05632745 0.11066428
v -0.23695514 -0.04323934 0.09681264
v -0.23026212 -0.01032445 0.07452506
v -0.25872505 -0.06883070 0.18987197
v -0.23075987 0.01966615 0.07390660
v -0.24186423 -0.06492983 0.12057182
v -0.23582500 -0.03373461 0.09104258
v -0.23106876 -0.02484057 0.07921249
v -0.23187934 -0.03678999 0.08410847
v -0.23129541 -0.04618333 0.08657110
v -0.25243661 -0.07426883 0.16566923
v -0.25488907 -0.07454950 0.17828560
v -0.23651792 -0.05726467 0.10279831
v -0.23529086 -0.05259011 0.09755889
v -0.23600715 -0.07103869 0.10992122
v -0.24576600 -0.07860661 0.14486718
v -0.24679755 -0.08296487 0.15411595
v -0.24204434 -0.07792505 0.13193366
v -0.23582734 -0.08455814 0.12006637
v -0.23279624 -0.07992125 0.10863626
v -0.25875986 -0.07435026 0.20066541
v -0.24085504 -0.08624256 0.13681844
v -0.23123468 -0.06980085 0.09853497
v -0.22896324 -0.07580427 0.09737796
v -0.25083902 -0.08096465 0.16841385
v -0.24641845 -0.09208781 0.16611636
v -0.22999957 -0.06292509 0.09201550
v -0.22841513 -0.05591438 0.08524558
v -0.22641397 0.01742628 0.06651971
v -0.22372235 0.00964017 0.06178343
v -0.22368570 -0.00206867 0.06228605
v -0.22287707 -0.01767483 0.06324592
v -0.22648467 -0.03375120 0.07323307
v -0.22341515 -0.04871919 0.07330790
v -0.22212465 -0.05600404 0.07406765
v -0.23694068 -0.09261651 0.13121134
v -0.23868158 -0.09689241 0.14264333
v -0.24316652 -0.09209821 0.15286523
v -0.22381404 -0.07231755 0.08477533
v -0.22266912 -0.07989193 0.08705163
v -0.22154622 -0.03117590 0.06438258
v -0.23006530 -0.08937040 0.10975796
v -0.22460239 -0.08737695 0.09596565
v -0.23126340 -0.09703916 0.11991116
v -0.21706575 0.00087051 0.05213729
v -0.21554026 -0.00760978 0.05078259
v -0.21827713 -0.05273231 0.06659037
v -0.21750748 -0.04484633 0.06238115
v -0.24026144 -0.10068242 0.15451330
v -0.23617436 -0.10403942 0.14357278
v -0.24119471 -0.10508609 0.16597936
v -0.23004870 -0.11013907 0.13145834
v -0.22511579 -0.11207201 0.11977327
v -0.22071670 -0.09936565 0.09711307
v -0.21616292 -0.02091713 0.05395660
v -0.21774802 -0.03321800 0.05913720
v -0.21809345 -0.06801856 0.07271799
v -0.21714638 -0.08099839 0.07812494
v -0.22274682 -0.10838124 0.10978916
v -0.23021831 -0.11882770 0.14488137
v -0.22905253 -0.11422144 0.13386726
v -0.21810251 -0.09116772 0.08590591
v -0.21412446 -0.05751158 0.06197289
v -0.21219681 -0.06738266 0.06324276
v -0.20782000 0.00689097 0.03922111
v -0.20701976 -0.01227650 0.04008824
v -0.20986766 -0.01633106 0.04462031
v -0.21321794 -0.02984424 0.05167124
v -0.21145865 -0.04387736 0.05325681
v -0.21282800 -0.08306648 0.07200631
v -0.20818515 -0.05623084 0.05300596
v -0.20697416 -0.04761501 0.04825714
v -0.21619226 -0.11129770 0.09812459
v -0.21242043 -0.10797885 0.08776176
v -0.21233268 -0.10099492 0.08244625
v -0.21193153 -0.08958744 0.07448539
v -0.20720047 -0.03537435 0.04502681
v -0.20176049 -0.04036346 0.03922802
v -0.20307484 -0.02782655 0.03789026
v -0.22198629 -0.11970036 0.12066382
v -0.22294575 -0.12670706 0.13263094
v -0.20723312 -0.08314672 0.06351531
v -0.20164199 -0.00672910 0.03279230
v -0.19868881 0.00249446 0.02832025
v -0.20359635 -0.07027240 0.05220246
v -0.20036127 -0.08125212 0.05290201
v -0.21738943 -0.12047467 0.11019289
v -0.20772471 -0.09798557 0.07280988
v -0.20694520 -0.10320257 0.07516280
v -0.20195515 -0.05476233 0.04419640
v -0.20914602 -0.11095179 0.08432442
v -0.21750244 -0.12849021 0.12020305
v -0.21269774 -0.12848067 0.10839617
v -0.21370727 -0.12039024 0.10216469
v -0.20217358 -0.09614460 0.06338319
v -0.20175752 -0.10204493 0.06659791
v -0.20846026 -0.12502438 0.09599128
v -0.20427716 -0.12127873 0.08468178
v -0.19714631 -0.01715053 0.02899861
v -0.19723949 -0.03096315 0.03187722
v -0.19404927 0.00933129 0.02282074
v -0.20749055 -0.13301568 0.10251570
v -0.19370648 -0.00611343 0.02380165
v -0.19560850 -0.05809310 0.03760421
v -0.21821766 -0.13656922 0.13405666
v -0.20088409 -0.11463046 0.07383168
v -0.19412544 -0.03502374 0.02915618
v -0.19524147 -0.04378230 0.03274456
v -0.19378783 -0.07028510 0.04019976
v -0.19446163 -0.08000740 0.04509506
v -0.20203596 -0.12623449 0.08521599
v -0.19367063 -0.12789595 0.07334197
v -0.19764246 -0.12045325 0.07339907
v -0.20341063 -0.13535747 0.09677693
v -0.20720229 -0.13901514 0.10887337
v -0.21184765 -0.13978326 0.12131399
v -0.20122720 -0.14548136 0.10396522
v -0.21371654 -0.14414303 0.13334787
v -0.19424979 -0.09590270 0.05269021
v -0.19474867 -0.11138533 0.06259739
v -0.19397967 -0.11746560 0.06594992
v -0.20700596 -0.14794309 0.12059471
v -0.20265429 -0.14804672 0.11020431
v -0.19503410 -0.13823552 0.08460978
v -0.19181496 -0.02095346 0.02411440
v -0.20227434 -0.15540455 0.11971605
v -0.19502558 -0.14965001 0.09645671
v -0.20909116 -0.15269537 0.13454151
v -0.18658799 0.01008615 0.01531303
v -0.19036843 -0.04564605 0.02807686
v -0.18822944 -0.05720077 0.02962187
v -0.18905053 -0.07191915 0.03581923
v -0.19511308 -0.15901957 0.10825852
v -0.18821667 -0.10883193 0.05281186
v -0.18764238 -0.01232629 0.01874238
v -0.18447794 -0.00824583 0.01503113
v -0.18918566 -0.12145959 0.06225443
v -0.18855779 -0.08228619 0.03955978
v -0.18859245 -0.09444829 0.04547516
v -0.18363683 -0.10432293 0.04521865
v -0.18732287 -0.12727353 0.06423122
v -0.18749559 -0.02902136 0.02146140
v -0.18267022 -0.02812722 0.01658940
v -0.19515011 -0.16655391 0.11951852
v -0.18843612 -0.13724743 0.07375440
v -0.18832467 -0.15213451 0.08776549
v -0.18547808 -0.03867549 0.02165169
v -0.18348750 -0.09349274 0.03944361
v -0.18785363 -0.16353306 0.10012230
v -0.18412906 -0.12992245 0.06207538
v -0.18442769 -0.14156212 0.07185042
v -0.18430538 -0.14961533 0.07915884
v -0.18425044 -0.15539110 0.08465040
v -0.18341650 -0.16185911 0.09070250
v -0.18268633 -0.16918112 0.09805793
v -0.17837822 -0.03975568 0.01522556
v -0.18142010 -0.07268035 0.02856693
v -0.17924294 -0.07899077 0.02901328
v -0.18830487 -0.17062634 0.11046183
v -0.18848585 -0.17587522 0.11900732
v -0.17973720 -0.12398602 0.05271024
v -0.18118535 -0.11756167 0.05002177
v -0.18078165 -0.05275255 0.02126008
v -0.17836714 -0.15231276 0.07332879
v -0.18015280 -0.00501572 0.01099822
v -0.18280515 -0.17782426 0.10999992
v -0.17828810 -0.17549832 0.09860989
v -0.17780478 -0.14068903 0.06277058
v -0.17596075 -0.10835762 0.03942984
v -0.17848438 -0.16544369 0.08694226
v -0.17494543 -0.15960546 0.07605901
v -0.18781020 0.15311420 0.00625238
v -0.18699551 0.15707438 0.00600255
v -0.17662440 -0.09570546 0.03393170
v -0.17129605 -0.09658968 0.02941725
v -0.17206414 -0.10227668 0.03291824
v -0.17350028 -0.05442676 0.01548609
v -0.17311209 -0.06791361 0.01977044
v -0.17326972 -0.13263415 0.05188379
v -0.17383219 0.00646287 0.00521529
v -0.17826073 -0.18452276 0.11121902
v -0.17292103 -0.08226784 0.02478993
v -0.17299546 -0.18200128 0.09818697
v -0.17172588 -0.19121759 0.10887367
v -0.17019488 -0.17661081 0.08787963
v -0.17275314 -0.17171866 0.08579278
v -0.16875364 -0.11803436 0.03824979
v -0.17278853 -0.15316802 0.06756204
v -0.17228538 -0.14843406 0.06281912
v -0.16759752 -0.14112589 0.05253193
v -0.16479309 -0.07764715 0.01662922
v -0.16572215 -0.18918358 0.09632212
v -0.16630881 -0.19779806 0.10943547
v -0.16453733 -0.20610939 0.12016141
v -0.16320138 -0.19715132 0.10356876
v -0.16616230 -0.15591447 0.06277457
v -0.16626559 -0.16711009 0.07325861
v -0.16509978 -0.17361102 0.07845643
v -0.16171205 -0.18415082 0.08532783
v -0.15954833 -0.20513691 0.10982230
v -0.26020774 0.20869963 0.99529704
v 0.18655086 0.14371552 0.00271651
v 0.18638162 0.15586831 0.00295043
v -0.26765928 0.25699545 0.94998190
v -0.29066131 0.25539160 0.95000553
v 0.22598715 0.25850172 0.95252791
v -0.21035671 0.25873099 0.95259678
v 0.29324341 0.25572114 0.95257550
v 0.26020846 0.25728923 0.95276967
v 0.29645559 0.25564508 0.71366563
v 0.29649684 0.25572842 0.73298037
v -0.24637449 0.25713697 0.95261523
v 0.29667860 0.25500014 0.95224261
v 0.29645464 0.25533031 0.94626310
v -0.26429021 0.25630273 0.95256329
v 0.12110148 0.25887255 0.95520499
v 0.15912551 0.25882372 0.95511669
v -0.29083955 0.25440776 0.95277220
v -0.07456177 0.25895272 0.95520544
v -0.17879570 0.25814027 0.95520008
v -0.29386109 0.25445810 0.70856997
v -0.29379049 0.25435433 0.94682372
v 0.19152454 0.25826672 0.95520413
v -0.29384267 0.25445649 0.92942506
v -0.29399338 0.25461091 0.71604881
v -0.29381427 0.25381011 0.95145038
v -0.29407546 0.25467037 0.78387275
v 0.23375191 0.25699008 0.95513359
v 0.29360056 0.25417827 0.95539281
v 0.26200226 0.25572926 0.95519832
v 0.29886156 0.25409478 0.71527614
v -0.07591228 0.25710289 0.95788300
v 0.14236486 0.25699244 0.95779642
v 0.19941090 0.25704500 0.95660192
v 0.17318593 0.25684904 0.95763111
v 0.29866084 0.25372411 0.94819254
v 0.29801980 0.25238982 0.95560765
v -0.26771483 0.25426055 0.95500281
v -0.25569397 0.25449687 0.95556182
v -0.29108194 0.25195692 0.95577085
v -0.29646334 0.25181520 0.94909143
v 0.00520214 -0.34609334 0.18889928
v 0.21898349 -0.15028052 0.34427668
v 0.22133458 -0.14410686 0.35281488
v 0.21417187 -0.15232427 0.35862145
v 0.21187268 -0.15956298 0.34543625
v 0.21760507 -0.14321412 0.37009935
v 0.22286265 -0.13885616 0.36146693
v 0.22413518 -0.14495033 0.33760498
v 0.23032500 -0.13828093 0.32773888
v 0.23443630 -0.13184029 0.32766849
v 0.21257696 -0.14819889 0.37569220
v 0.20667648 -0.15980543 0.36616415
v 0.20524833 -0.15670152 0.37955684
v 0.20295118 -0.16589206 0.36347464
v 0.20639943 -0.16584106 0.34926037
v 0.20486203 -0.15337880 0.38902760
v 0.20021647 -0.17415136 0.34887806
v 0.19910191 -0.16341715 0.38307507
v 0.19894020 -0.16997568 0.36674623
v 0.19461283 -0.17983416 0.35403150
v 0.19502261 -0.17456910 0.36812781
v 0.19434410 -0.16783717 0.38753440
v 0.19478920 -0.16306454 0.39717324
v 0.22348510 -0.14936291 0.32408829
v 0.21844415 -0.15619028 0.32521953
v 0.20557851 -0.17114450 0.33416258
v 0.19525251 -0.18521146 0.33232529
v 0.20080172 -0.17924397 0.32684867
v 0.20748639 -0.17151681 0.32201582
v 0.21250746 -0.16614030 0.31590968
v 0.18955761 -0.18857114 0.34649496
v 0.18854193 -0.19318971 0.33520767
v 0.18380140 -0.19742151 0.34148571
v 0.18313028 -0.20163472 0.32952057
v 0.18929882 -0.18480584 0.35892530
v 0.18129186 -0.19527473 0.35685799
v 0.18863584 -0.19683258 0.31959808
v 0.18454130 -0.20305599 0.31524393
v 0.18672912 -0.18299341 0.37295766
v 0.18968029 -0.17372009 0.38710591
v 0.27516934 -0.04924954 0.40050992
v 0.27988929 -0.04632947 0.38962262
v 0.28082770 -0.04054588 0.40074769
v 0.28610942 -0.03679867 0.38824135
v 0.28723252 -0.03251252 0.39524631
v 0.19429983 -0.19109197 0.31130178
v 0.22325127 -0.15251994 0.30997637
v 0.20132066 -0.18319847 0.30332041
v 0.20915484 -0.17205849 0.30770499
v 0.22831272 -0.14480926 0.31051636
v 0.23212057 -0.13833459 0.31444283
v 0.23702693 -0.12985966 0.31845376
v 0.24190269 -0.12154667 0.32046771
v 0.19105221 -0.19707638 0.30186315
v 0.18662691 -0.20286380 0.30143136
v 0.18269482 -0.20764683 0.30256890
v 0.21798562 -0.16088006 0.30303638
v 0.21549591 -0.16528399 0.29621537
v 0.19764268 -0.18958306 0.29375452
v 0.17857827 -0.20219418 0.34597687
v 0.28604358 -0.03829454 0.38110433
v 0.17811151 -0.20823780 0.32724535
v 0.17714375 -0.21247536 0.31345573
v 0.17885576 -0.21317062 0.29753712
v 0.20349334 -0.18281074 0.28531799
v 0.20579344 -0.17948180 0.28722997
v 0.23553337 -0.13473506 0.30373919
v 0.23022285 -0.14421153 0.29391345
v 0.18901144 -0.20207876 0.28633676
v 0.18495111 -0.20723863 0.28567502
v 0.19315924 -0.19709383 0.28170142
v 0.22337994 -0.15556104 0.28290537
v 0.21829984 -0.16274895 0.28224725
v 0.21132688 -0.17270227 0.27965550
v 0.24097145 -0.12592064 0.30266237
v 0.20263451 -0.18494870 0.27512217
v 0.17834632 -0.21525635 0.28586031
v 0.19397676 -0.19721310 0.26772508
v 0.23595874 -0.13569742 0.28792526
v 0.24076170 -0.12748942 0.28941937
v 0.20673034 -0.17972401 0.26789699
v 0.28989288 -0.03093258 0.38363423
v 0.17325516 -0.21411116 0.32557124
v 0.17264554 -0.21145779 0.33739999
v 0.18912938 -0.20343558 0.26864368
v 0.18010330 -0.21434247 0.27375431
v 0.23048615 -0.14504376 0.27522755
v 0.20232284 -0.18628626 0.25626983
v 0.21896470 -0.16263902 0.26575911
v 0.21008277 -0.17538682 0.25752631
v 0.22363028 -0.15587676 0.26117498
v 0.28656429 -0.03808087 0.36868586
v 0.17327945 -0.22067429 0.28966512
v 0.17157334 -0.22158433 0.29606834
v 0.19464827 -0.19684671 0.25113693
v 0.24609497 -0.11774530 0.29258209
v 0.19115743 -0.20135103 0.25329623
v 0.18132728 -0.21370402 0.24912730
v 0.18629959 -0.20750058 0.25215225
v 0.18280342 -0.21173671 0.25987083
v 0.17708702 -0.21824734 0.26824000
v 0.17405583 -0.22164272 0.27059890
v 0.20340179 -0.18478565 0.24222997
v 0.23096095 -0.14448994 0.26030211
v 0.23664780 -0.13522591 0.26613268
v 0.24174938 -0.12643681 0.26756267
v 0.24631102 -0.11782056 0.27350420
v 0.21103057 -0.17403233 0.24734125
v 0.21893398 -0.16256742 0.24784273
v 0.21114321 -0.17358463 0.23726708
v 0.21881467 -0.16228478 0.23805824
v 0.22348480 -0.15563089 0.24261335
v 0.20677041 -0.17985815 0.23693573
v 0.19429401 -0.19714814 0.24037319
v 0.25208402 -0.10636478 0.29384537
v 0.25224862 -0.10624672 0.27500246
v 0.16622345 -0.22658570 0.30098124
v 0.19008811 -0.20256571 0.23937088
v 0.18398775 -0.21005966 0.23246843
v 0.23042239 -0.14463873 0.24448299
v 0.23749600 -0.13283809 0.24682477
v 0.16657761 -0.22311550 0.31718707
v 0.17331967 -0.22303437 0.25380990
v 0.17603813 -0.21993007 0.24202257
v 0.20049106 -0.18785849 0.22499231
v 0.19430321 -0.19619399 0.22311082
v 0.18945932 -0.20245871 0.22184184
v 0.16674633 -0.22823328 0.28536831
v 0.16624001 -0.23049481 0.26444897
v 0.16169199 -0.23460190 0.27384350
v 0.20770670 -0.17727007 0.21909335
v 0.21443568 -0.16724761 0.21835604
v 0.21824256 -0.16205950 0.22391278
v 0.20316122 -0.18351467 0.21686769
v 0.22416674 -0.15283012 0.22358510
v 0.23078279 -0.14254405 0.22834000
v 0.23537934 -0.13480693 0.23031259
v 0.17283316 -0.22328311 0.23158389
v 0.17949818 -0.21514325 0.22515655
v 0.18362224 -0.20920795 0.21480694
v 0.29253677 -0.02621151 0.36965932
v 0.29349726 -0.01982015 0.39402543
v 0.24155118 -0.12549545 0.24606135
v 0.24590373 -0.11827485 0.26187396
v 0.24644244 -0.11625411 0.24900994
v 0.19407053 -0.19551462 0.21307701
v 0.19854017 -0.18831749 0.20412946
v 0.29613480 -0.01811860 0.37926249
v 0.29737684 -0.01381479 0.38558823
v 0.17032921 -0.22637026 0.24558529
v 0.16560325 -0.23144196 0.23633400
v 0.16509460 -0.23202354 0.25173999
v 0.16057283 -0.23677643 0.24087092
v 0.18855661 -0.20199393 0.20605373
v 0.18352562 -0.20712528 0.19652864
v 0.17932197 -0.21371725 0.20746696
v 0.21713500 -0.16140129 0.20502609
v 0.22362781 -0.15157227 0.20798251
v 0.20213820 -0.18290047 0.20027813
v 0.21103163 -0.16999735 0.20007738
v 0.24086934 -0.12455325 0.22884569
v 0.24395299 -0.11875670 0.23093596
v 0.19376753 -0.19340539 0.19331071
v 0.23276486 -0.13706420 0.21468940
v 0.20128487 -0.18231857 0.18935192
v 0.20719469 -0.17410198 0.19124156
v 0.25260034 -0.10391636 0.25271621
v 0.17410628 -0.22046657 0.21364337
v 0.21210341 -0.16696504 0.19215021
v 0.22091648 -0.15311800 0.19250363
v 0.23719041 -0.12747821 0.20744514
v 0.22707333 -0.14310433 0.19492602
v 0.23223634 -0.13520771 0.20105043
v 0.16988266 -0.22547308 0.21609202
v 0.16530572 -0.23131444 0.22527891
v 0.18537128 -0.20269762 0.18409869
v 0.29666531 -0.01686814 0.36791910
v 0.16126512 -0.23571722 0.26294965
v 0.15944006 -0.23528041 0.28819858
v 0.20183796 -0.17907125 0.17778727
v 0.20729245 -0.16957346 0.17126414
v 0.25217485 -0.10231470 0.23575473
v 0.24860975 -0.10807319 0.22497177
v 0.24153554 -0.11943527 0.20993692
v 0.21311542 -0.16203541 0.17766640
v 0.21755593 -0.15371071 0.17302373
v 0.19125390 -0.19371223 0.17773426
v 0.19432962 -0.18694322 0.16664508
v 0.20171016 -0.17636010 0.16623920
v 0.17867252 -0.21204992 0.19001034
v 0.17291979 -0.22030284 0.20054933
v 0.16731521 -0.22478509 0.18746164
v 0.17842181 -0.20993422 0.17680103
v 0.17212956 -0.21737832 0.17743242
v 0.29604352 -0.01726617 0.36162399
v 0.23165086 -0.13366255 0.19037750
v 0.23595019 -0.12613173 0.19232044
v 0.25798565 -0.09180841 0.25566010
v 0.22282702 -0.14477818 0.17322445
v 0.23084046 -0.13129641 0.17725426
v 0.16528888 -0.22953796 0.20527396
v 0.21242692 -0.15968697 0.16521856
v 0.16014495 -0.23671782 0.22552332
v 0.24693637 -0.10753510 0.20769066
v 0.24065754 -0.11703150 0.19424340
v 0.26246873 -0.07868578 0.24463564
v 0.25605908 -0.09222211 0.23103437
v 0.25242203 -0.09624083 0.21220344
v 0.15546663 -0.24173002 0.25036804
v 0.18090595 -0.20373800 0.16312781
v 0.18905482 -0.19368337 0.16564369
v 0.23595227 -0.12172788 0.17853400
v 0.22475617 -0.13881314 0.16580740
v 0.19521172 -0.18177181 0.15322018
v 0.18851839 -0.19124049 0.15459645
v 0.18201050 -0.19980827 0.15436822
v 0.20247759 -0.17145979 0.15408295
v 0.20831624 -0.16212870 0.15346795
v 0.21899199 -0.14521226 0.15544182
v 0.21320377 -0.15398075 0.15270963
v 0.15461868 -0.24122311 0.21233466
v 0.15927833 -0.23587438 0.20552436
v 0.23134729 -0.12522331 0.16320255
v 0.22536491 -0.13255513 0.15323925
v 0.24641439 -0.10392184 0.19307065
v 0.24191293 -0.10781462 0.17629427
v 0.24707210 -0.10108205 0.18932581
v 0.25177670 -0.09389035 0.20058179
v 0.23624481 -0.11595935 0.16560984
v 0.17351331 -0.21325652 0.16578808
v 0.25843182 -0.08429483 0.22414717
v 0.25586453 -0.08631657 0.20857579
v 0.15884550 -0.23439167 0.19080275
v 0.15483227 -0.24220468 0.23122284
v 0.20399427 -0.16528636 0.14383650
v 0.15472090 -0.24175401 0.26832893
v 0.19513665 -0.17817068 0.14308223
v 0.16072422 -0.23156458 0.30357194
v 0.15565054 -0.23733950 0.29821494
v 0.29991946 -0.00677883 0.36305095
v 0.24174057 -0.10270774 0.16410398
v 0.21495298 -0.14709286 0.14362657
v 0.17238446 -0.21122988 0.15353453
v 0.16596642 -0.22201909 0.16748825
v 0.16057467 -0.23029579 0.17882171
v 0.18385139 -0.19355480 0.14329329
v 0.18919601 -0.18501648 0.13958222
v 0.15847856 -0.23041089 0.31903918
v 0.15143654 -0.24202801 0.19271475
v 0.15232633 -0.24206354 0.28687385
v 0.17812186 -0.19343078 0.37181628
v 0.19343275 -0.17629912 0.13327676
v 0.22410202 -0.13040805 0.14368063
v 0.29918188 -0.00472522 0.39445566
v 0.25590280 -0.07971750 0.19271690
v 0.25228018 -0.08292020 0.17867520
v 0.17501380 -0.20505625 0.14437553
v 0.16471793 -0.21969587 0.15379733
v 0.16503076 -0.22082379 0.33200936
v 0.15821005 -0.22790362 0.32971504
v 0.14967839 -0.24593572 0.21426761
v 0.14653708 -0.24731769 0.20038614
v 0.15205485 -0.23894610 0.17908129
v 0.15666440 -0.23160952 0.16760257
v 0.15991667 -0.22495361 0.15486839
v 0.18174873 -0.18323773 0.38692050
v 0.17312934 -0.20722702 0.34852664
v 0.17294066 -0.20191132 0.36404116
v 0.15644650 -0.23369804 0.31273417
v 0.17871010 -0.18343273 0.39433859
v 0.14947513 -0.24702464 0.24755311
v 0.14977472 -0.24671738 0.23259640
v 0.14949730 -0.24656560 0.26117161
v 0.16628100 -0.21477397 0.34713551
v 0.14496379 -0.25088395 0.23282936
v 0.14406264 -0.25142680 0.22367379
v 0.14031285 -0.25339846 0.20584977
v 0.14388172 -0.25183643 0.24708286
v 0.14346460 -0.25170343 0.26008911
v 0.16652393 -0.20940928 0.36130102
v 0.17239541 -0.19622591 0.38025055
v 0.16619779 -0.20606045 0.37126830
v 0.17318320 -0.18855150 0.39622327
v 0.14871335 -0.24641548 0.27333339
v 0.13957384 -0.25402589 0.27182421
v 0.14981008 -0.24202065 0.30031475
v 0.15823324 -0.22366013 0.34332724
v 0.18282528 -0.19060107 0.13300100
v 0.17834803 -0.19608344 0.13256857
v 0.13653103 -0.25784709 0.23269275
v 0.13728152 -0.25730999 0.24185458
v 0.16632845 -0.21435662 0.14287305
v 0.16053367 -0.22051769 0.14311796
v 0.14160538 -0.25021012 0.18982542
v 0.13901094 -0.25345846 0.28130512
v 0.14288352 -0.24915968 0.28955576
v 0.16617645 -0.19669574 0.39400087
v 0.16162673 -0.20523706 0.38396492
v 0.14926399 -0.23924758 0.31504722
v 0.16011629 -0.21279357 0.36834553
v 0.15385935 -0.22358043 0.35397358
v 0.13674942 -0.25719668 0.25727586
v 0.13553371 -0.25789009 0.21513271
v 0.14768408 -0.23599413 0.33204077
v 0.14818250 -0.23249051 0.34207323
v 0.16578470 -0.18817647 0.41285304
v 0.13787617 -0.25221403 0.29473959
v 0.14105999 -0.24779029 0.30401979
v 0.14660548 -0.24250866 0.17268535
v 0.13759673 -0.25189061 0.18033338
v 0.14979894 -0.23708764 0.16341996
v 0.15292273 -0.23136619 0.15357575
v 0.15370087 -0.22799514 0.14539936
v 0.13099009 -0.26207016 0.24186581
v 0.15745373 -0.19674905 0.41138533
v 0.15694243 -0.20232001 0.40029877
v 0.15823181 -0.19164051 0.42038504
v 0.14222722 -0.24257107 0.32327148
v 0.14662845 -0.23098464 0.34971151
v 0.13118453 -0.26178996 0.22848889
v 0.12948953 -0.26241846 0.21291834
v 0.15296517 -0.21311866 0.38272406
v 0.15444176 -0.20688500 0.39467644
v 0.15231965 -0.21979605 0.36694150
v 0.12839699 -0.26243831 0.26671347
v 0.13310143 -0.25336988 0.30463555
v 0.14479637 -0.22649795 0.36484773
v 0.14457193 -0.22142357 0.37780209
v 0.13037971 -0.25217415 0.31730607
v 0.14979143 -0.19698161 0.42441121
v 0.14975153 -0.20235246 0.41334528
v 0.12797710 -0.26223586 0.20040721
v 0.14932053 -0.21020344 0.39652243
v 0.13691331 -0.24188204 0.33820708
v 0.13211495 -0.25718401 0.28813486
v 0.12566641 -0.26248221 0.28119068
v 0.14432363 -0.20198318 0.42311130
v 0.14106679 -0.19671716 0.43870569
v 0.14367254 -0.20689026 0.41369501
v 0.13802795 -0.23609839 0.35272920
v 0.14286575 -0.21292819 0.40117420
v 0.13686582 -0.23045486 0.36909108
v 0.13788737 -0.22628576 0.37754028
v 0.13673273 -0.19112705 0.45555453
v 0.13426559 -0.20783906 0.42620192
v 0.13513307 -0.20220023 0.43643963
v 0.13089758 -0.19933660 0.44799545
v 0.13276561 -0.21247633 0.41832116
v 0.13207689 -0.24136643 0.34893036
v 0.13109392 -0.23618326 0.36428939
v 0.12084261 -0.26275380 0.29621218
v 0.12282699 -0.25773315 0.31280519
v 0.12394370 -0.25192223 0.33175175
v 0.12933823 -0.24569498 0.34113453
v 0.13126892 -0.22847629 0.38246369
v 0.12354921 -0.19936131 0.45723868
v 0.12608995 -0.20750012 0.43802565
v 0.12446983 -0.20464998 0.44582550
v 0.12230445 -0.26712535 0.25514890
v 0.12415455 -0.26652913 0.24328861
v 0.12393866 -0.23628069 0.37463266
v 0.12366409 -0.24320938 0.35757655
v 0.12107459 -0.24152581 0.36570090
v 0.11650345 -0.25183366 0.34424342
v 0.12435853 -0.26656272 0.22953865
v 0.11786240 -0.21313879 0.43653049
v 0.12157565 -0.21896927 0.41874445
v 0.11991713 -0.20713842 0.44651204
v 0.13343655 -0.25709714 0.19233972
v 0.11352703 -0.19684316 0.47330508
v 0.11274799 -0.20329094 0.46199774
v 0.11259587 -0.25980990 0.32547738
v 0.11344439 -0.26236941 0.31514201
v 0.11302314 -0.26645343 0.29840213
v 0.10884199 -0.19231410 0.48634784
v 0.11633957 -0.26787458 0.28070258
v 0.11562887 -0.23676823 0.38374366
v 0.11171658 -0.25747414 0.33465853
v 0.10637972 -0.26255505 0.32705460
v 0.11149681 -0.21192293 0.44633405
v 0.10480214 -0.19822702 0.47991460
v 0.10770950 -0.22594444 0.41883060
v 0.10971494 -0.22076277 0.42895183
v 0.12552559 -0.26276566 0.19052222
v 0.11271152 -0.24267454 0.37313256
v 0.10773417 -0.25238200 0.35484773
v 0.10595173 -0.25773902 0.34195672
v 0.09628917 -0.19158939 0.49908906
v 0.09622476 -0.19877164 0.48686136
v 0.10433259 -0.25061230 0.36272611
v 0.09856909 -0.20747977 0.46812103
v 0.12223918 -0.26633324 0.20141348
v 0.10316520 -0.26797833 0.31227051
v 0.08885787 -0.19089717 0.50634555
v 0.09648606 -0.21296778 0.45887041
v 0.10031184 -0.22045892 0.43921089
v 0.09714018 -0.26235335 0.33976831
v 0.08425502 -0.18847243 0.51372422
v 0.14438398 -0.24250062 0.16517019
v 0.08825342 -0.20013157 0.49104198
v 0.08919175 -0.20707908 0.47706853
v 0.09765907 -0.22600397 0.42916039
v 0.12957972 -0.25751872 0.17882076
v 0.12320637 -0.26236565 0.17991111
v 0.13632193 -0.24939458 0.16647452
v 0.09453851 -0.25844474 0.35291030
v 0.09319220 -0.26758425 0.32820424
v 0.09482682 -0.25177099 0.36931223
v 0.09346460 -0.23071952 0.42156145
v 0.08268546 -0.21338785 0.46967277
v 0.08718986 -0.21973783 0.45227274
v 0.08915955 -0.22598624 0.43658403
v 0.13179913 -0.25304990 0.16655827
v 0.14405434 -0.23869468 0.15188590
v 0.13775691 -0.24455722 0.15410995
v 0.13048790 -0.25222073 0.16050214
v 0.07728431 -0.19689353 0.50453656
v 0.17315412 -0.20227307 0.13251606
v 0.16589975 -0.21044940 0.13229358
v 0.08074447 -0.20942236 0.47913405
v 0.08585161 -0.26216887 0.35185868
v 0.06768382 -0.17457572 0.54638911
v 0.08568121 -0.26639955 0.34030597
v 0.07018062 -0.18465106 0.52901368
v 0.07385315 -0.20746517 0.48764508
v 0.06986305 -0.20254932 0.49925045
v 0.08294604 -0.23133540 0.42894762
v 0.06609017 -0.19391730 0.51618312
v 0.06381935 -0.18013477 0.53969218
v 0.15519886 -0.22190745 0.13352761
v 0.14484957 -0.23368864 0.14019081
v 0.14724395 -0.22803462 0.13136104
v 0.08082471 -0.22515883 0.44492590
v 0.07638810 -0.23076110 0.43513320
v 0.17781334 -0.19053411 0.12038767
v 0.07493198 -0.22034316 0.45986046
v 0.06109228 -0.17299953 0.55255748
v 0.05343076 -0.16800636 0.56415113
v 0.06805336 -0.21377738 0.47864036
v 0.07574852 -0.26308538 0.35785538
v 0.07426791 -0.26859353 0.34410951
v 0.06625721 -0.20931081 0.48860755
v 0.05675752 -0.18488611 0.53577412
v 0.05555150 -0.17975575 0.54454361
v 0.04808601 -0.17490926 0.55579463
v 0.05426341 -0.19517741 0.51973458
v 0.05087700 -0.20162348 0.50982146
v 0.05803631 -0.20733246 0.49626463
v 0.07097086 -0.22727369 0.44656816
v 0.06592920 -0.22038023 0.46519196
v 0.16069345 -0.21370552 0.12780252
v 0.13678420 -0.24166755 0.14394087
v 0.12617458 -0.25288422 0.15299568
v 0.16554190 -0.20462099 0.12016857
v 0.06876127 -0.23102829 0.43928792
v 0.06431263 -0.26230304 0.36640595
v 0.06442817 -0.23643225 0.42861298
v 0.12748541 -0.24813055 0.14315942
v 0.04406235 -0.16167912 0.57717324
v 0.05931332 -0.21387123 0.48291534
v 0.06422321 -0.26634844 0.35665448
v 0.04299778 -0.18438561 0.54238038
v 0.04498218 -0.19180533 0.52914009
v 0.05729726 -0.26268844 0.36867982
v 0.05526051 -0.21998243 0.47103549
v 0.12142093 -0.25257875 0.14324722
v 0.00883320 -0.34364016 0.18834797
v 0.00870825 -0.34358998 0.18312192
v 0.00528386 -0.34592770 0.18272239
v 0.00236322 -0.34734978 0.18624654
v 0.00659884 -0.34375729 0.17863098
v 0.05902160 -0.23200694 0.44180250
v 0.03768367 -0.16795228 0.57029887
v 0.03751849 -0.17473888 0.55996252
v 0.13696958 -0.23641917 0.13202438
v 0.13077353 -0.24121319 0.13243473
v 0.15625295 -0.21379837 0.11944118
v 0.03581180 -0.15540320 0.58916511
v 0.03508668 -0.18295397 0.54728622
v 0.03753509 -0.20029780 0.51678721
v 0.02996884 -0.19124596 0.53473579
v 0.03219961 -0.19670747 0.52446201
v 0.04689453 -0.21347071 0.48848744
v 0.04280306 -0.20720100 0.50220509
v 0.16926445 -0.19396406 0.10917434
v 0.03199278 -0.16413547 0.57758870
v 0.05013288 -0.23600811 0.43582068
v 0.16112703 -0.20377649 0.11079025
v 0.04650604 -0.23097870 0.44853149
v 0.04007304 -0.23654507 0.43744837
v 0.02319682 -0.17278896 0.56671693
v 0.02235239 -0.16557731 0.57765114
v 0.02158335 -0.17930110 0.55669558
v 0.02135834 -0.18492451 0.54753719
v 0.04343528 -0.22013001 0.47441054
v 0.02272348 -0.14133817 0.61141863
v 0.02247263 -0.15434811 0.59397020
v 0.03524231 -0.21323898 0.49214347
v 0.02476011 -0.20732558 0.50647113
v 0.01973361 -0.20226000 0.51715678
v 0.02269413 -0.19532758 0.52906128
v 0.14195621 -0.22590593 0.11913291
v 0.15505368 -0.20820865 0.10825744
v 0.02144537 -0.21342851 0.49447609
v 0.01139052 -0.19409370 0.53285121
v 0.01338665 -0.14464870 0.60869231
v 0.01239400 -0.15247583 0.59822395
v 0.01292995 -0.13871752 0.61636370
v 0.01477185 -0.20730594 0.50800073
v 0.00997335 -0.17290662 0.56851839
v 0.00843731 -0.16207036 0.58485663
v 0.00695699 -0.18348978 0.55181798
v 0.00724926 -0.21351787 0.49581603
v 0.00493851 -0.20732194 0.50883330
v 0.00340586 -0.20200324 0.51916521
v -0.00018555 -0.19052531 0.53980399
v 0.00740113 -0.13502198 0.62162600
v -0.00058193 -0.15493396 0.59581765
v 0.00196750 -0.14435320 0.61008082
v 0.00057265 -0.15014024 0.60231700
v -0.00080352 -0.17341080 0.56830414
v -0.00038579 -0.17035016 0.57296732
v -0.00409452 -0.21560472 0.49107055
v 0.00106418 -0.34637772 0.17931804
v -0.00658346 -0.21241646 0.49820385
v -0.00293116 -0.18213885 0.55423368
v -0.00683357 -0.20522794 0.51284968
v -0.00705063 -0.19745938 0.52712989
v -0.00350584 -0.16419947 0.58194049
v -0.01567286 -0.21567045 0.49024423
v -0.00074060 -0.13360581 0.62369857
v -0.00549219 -0.13892546 0.61697860
v -0.03615359 -0.22012356 0.47697259
v -0.02776091 -0.21602297 0.48788261
v -0.02299152 -0.21234471 0.49687376
v -0.02004864 -0.20688739 0.50826841
v -0.00748151 -0.14613888 0.60756949
v -0.01138238 -0.17840588 0.55972517
v -0.00955642 -0.17360273 0.56749632
v -0.01790949 -0.18828693 0.54235344
v -0.01962340 -0.19503401 0.53029564
v -0.02003907 -0.20201802 0.51750908
v -0.01871789 -0.18406680 0.54946701
v -0.01539333 -0.15773548 0.59066862
v -0.04702382 -0.21981312 0.47503133
v -0.04252717 -0.23643208 0.43781796
v -0.03721154 -0.21343838 0.49181517
v -0.02731167 -0.17896238 0.55625385
v -0.01679851 -0.14410853 0.60930490
v -0.03555958 -0.19047500 0.53503040
v -0.02533792 -0.16128893 0.58374622
v 0.14973791 -0.21340868 0.10892084
v -0.02456018 -0.13999856 0.61331258
v -0.00122900 0.34662177 0.49056920
v -0.00191088 0.25002031 0.14345482
v -0.03319018 0.25209980 0.15372512
v -0.01897660 0.25271465 0.15161896
v -0.05531555 0.25267531 0.16506365
v -0.00523456 0.25511791 0.15595827
v -0.03903408 0.25678322 0.16857302
v -0.02313326 0.25765496 0.16584215
v -0.01897539 0.25496201 0.15771085
v -0.00761571 0.25676721 0.16055420
v -0.01117771 0.25912614 0.16788158
v -0.07719802 0.25181076 0.17997977
v -0.05338037 0.25725046 0.17808461
v -0.06634120 0.25480931 0.18030441
v 0.00218755 0.25559245 0.15693152
v -0.06735780 0.25765717 0.19149256
v -0.05634549 0.25939111 0.18822950
v -0.04283146 0.26009898 0.18184474
v -0.03425062 0.26108117 0.18075088
v -0.02415738 0.26162355 0.17876512
v -0.01165517 0.26218052 0.17764425
v -0.04792955 0.26176132 0.19072792
v -0.00062233 0.25949472 0.16803533
v -0.05425777 0.26087926 0.19228774
v -0.03386786 0.26371740 0.19021657
v -0.00031294 0.26255597 0.17779142
v -0.01423389 0.26535518 0.19001740
v 0.04451203 0.25127374 0.15525395
v 0.02864670 0.25227252 0.15237245
v 0.01025925 0.24987860 0.14372450
v 0.01575988 0.25344113 0.15280497
v 0.05938672 0.25276522 0.16729894
v 0.04358892 0.25650732 0.16930965
v 0.07256182 0.25247040 0.17674527
v 0.03362618 0.25377336 0.15820310
v 0.02587892 0.25780800 0.16658479
v 0.01852936 0.25641480 0.16113669
v 0.04961872 0.25747345 0.17563954
v 0.08514754 0.25210539 0.18951479
v 0.06442313 0.25781268 0.18841904
v 0.07263044 0.25651108 0.19188735
v 0.00745306 0.25953721 0.16850910
v 0.02984506 0.26119569 0.17888403
v 0.04953521 0.26188080 0.19174293
v 0.03699219 0.26337890 0.19004050
v 0.01381591 0.26226427 0.17797318
v 0.02439903 0.26480319 0.19026810
v 0.26773235 0.19625263 0.25303218
v -0.14156978 0.18516542 0.00679028
v -0.18596287 0.15592138 0.00302899
v -0.18352230 0.15545531 0.00096923
v -0.18656234 0.15068351 0.00269765
v -0.18367358 0.14633848 0.00058922
v -0.18627533 0.14318497 0.00296348
v -0.18357982 0.13839187 0.00092930
v -0.18067859 0.15728374 0.00077924
v 0.13911751 0.18475151 0.00681996
v 0.13858731 0.18250863 0.00243133
v 0.14184736 0.18162704 0.00257909
v 0.18050715 0.16494471 0.00542948
v 0.13399552 0.17537507 0.00020078
v 0.13986534 0.17911348 0.00077900
v 0.17496966 0.15964115 0.00023437
v 0.18033607 0.15910484 0.00045535
v 0.18361013 0.15636487 0.00091237
v 0.15842447 0.11864007 0.00011638
v 0.09678779 0.15018618 0.00000000
v 0.13697435 0.16496503 0.00007847
v 0.17272258 0.12943427 0.00013179
v 0.18103953 0.13106861 0.00029966
v 0.17183296 0.15425451 0.00008768
v 0.18113717 0.13502167 0.00021228
v 0.18368281 0.14684017 0.00039262
v 0.11833577 -0.05332181 0.00083265
v 0.14723337 -0.04404010 0.00125915
v 0.14179988 -0.05288675 0.00154525
v 0.15599702 -0.01207247 0.00058031
v 0.15576611 0.00420594 0.00036854
v 0.15654379 0.03658444 0.00029162
v 0.16011350 0.00799122 0.00035667
v 0.15997870 -0.01063131 0.00078097
v 0.15662152 -0.02378030 0.00095877
v 0.13935992 -0.05961151 0.00185940
v 0.12362267 -0.06848891 0.00191152
v 0.15634283 -0.03139733 0.00133339
v 0.15277848 -0.04178220 0.00159264
v 0.13684507 -0.07115911 0.00277719
v 0.16271673 0.01058302 0.00060818
v 0.16266602 -0.00174198 0.00087675
v 0.16151227 -0.01727557 0.00140527
v 0.14583826 -0.05702139 0.00221452
v 0.15311798 -0.04868770 0.00253209
v 0.12462594 -0.08379419 0.00420484
v 0.14360519 -0.07040744 0.00361031
v 0.14891711 -0.06361809 0.00364259
v 0.15992071 -0.02842518 0.00187409
v 0.15942833 -0.03828421 0.00287715
v 0.18362908 0.13656224 0.00070271
v 0.14095442 -0.08020115 0.00496310
v 0.16594946 0.00474435 0.00153396
v 0.16621679 -0.00986913 0.00235918
v 0.15415652 -0.05704011 0.00413492
v 0.14896014 -0.07271452 0.00558284
v 0.15322630 -0.06594235 0.00567755
v 0.15993771 -0.04623685 0.00440648
v 0.16408379 -0.02808359 0.00342566
v 0.17024933 -0.00599491 0.00392893
v 0.16931482 -0.02056382 0.00505930
v 0.16643593 -0.03444693 0.00559562
v 0.17271961 -0.01164241 0.00589946
v 0.16625541 -0.05524286 0.01039785
v 0.15958470 -0.07412967 0.01173219
v 0.17323135 -0.03635002 0.01048404
v 0.16504087 -0.07530294 0.01567718
v 0.14187734 0.18380986 0.00538078
v -0.13311847 0.17412761 0.00041419
v -0.13928702 0.17971693 0.00110734
v -0.14287472 0.18250491 0.00278163
v -0.16945575 0.15324900 0.00016227
v -0.16844462 0.14801870 0.00006032
v -0.18076015 0.12953254 0.00048673
v -0.18102042 0.13541979 0.00040728
v -0.17548673 0.11260650 0.00035462
v -0.16262844 0.01080318 0.00076288
v -0.16259408 -0.00736986 0.00123325
v -0.15892364 0.00053219 0.00051278
v -0.15997835 -0.01512451 0.00115547
v -0.15676944 -0.01724496 0.00094840
v -0.15660548 -0.02688080 0.00148040
v -0.18080580 0.15431885 0.00036848
v -0.12461238 -0.04146949 0.00058421
v -0.11392194 -0.04793356 0.00066450
v -0.12724777 -0.05455010 0.00099525
v -0.12187193 -0.06142135 0.00130689
v -0.13634145 0.16327845 0.00007942
v -0.14377154 0.17306457 0.00042862
v -0.15112102 -0.03864058 0.00166932
v -0.14673419 -0.05080958 0.00204402
v -0.11951190 -0.06762382 0.00199121
v -0.12264344 -0.07897417 0.00352108
v -0.14416596 0.17669387 0.00091094
v -0.14469095 -0.06585603 0.00335771
v -0.13767900 -0.07583736 0.00370306
v -0.15473334 -0.04203690 0.00243571
v -0.15045615 -0.05928552 0.00365505
v -0.16091588 -0.02444143 0.00216153
v -0.16528571 -0.00598251 0.00195351
v -0.16073102 -0.03620242 0.00348800
v -0.16540392 -0.02207737 0.00352937
v -0.15999122 -0.04586749 0.00471914
v -0.16918910 -0.00320460 0.00339130
v -0.16848861 -0.01940574 0.00463352
v -0.15423183 -0.06228662 0.00563896
v -0.16549903 -0.03574640 0.00558901
v -0.17204386 -0.01147302 0.00571743
v -0.15982072 -0.05908622 0.00791517
v -0.16614428 -0.04542368 0.00808048
v -0.17367950 -0.02688804 0.00933427
v -0.17346215 -0.03941574 0.01149866
v -0.17827682 -0.02171583 0.01180354
v -0.18269786 0.16218805 0.00619203
v -0.18567653 0.15965961 0.00669149
v -0.18280113 0.16005763 0.00264499
v 0.01243911 -0.20705514 0.05166584
v 0.03554748 -0.20722288 0.05283177
v 0.01868076 -0.21240553 0.05528852
v 0.03334786 -0.19943579 0.04840875
v 0.01820007 -0.19691212 0.04654896
v -0.00125958 -0.20295523 0.04921052
v 0.00067256 -0.19647756 0.04589421
v 0.00288345 -0.20857470 0.05240655
v 0.04817302 -0.19887108 0.04912078
v 0.04724282 -0.19147815 0.04540566
v 0.02616711 -0.19077395 0.04399878
v 0.00143944 -0.19012140 0.04291964
v 0.00464783 -0.18332215 0.03983352
v 0.03964968 -0.18435173 0.04181364
v 0.03234583 -0.17925736 0.03926966
v -0.00593449 -0.18301509 0.03973755
v -0.01827571 -0.19501995 0.04564136
v -0.01435145 -0.18785013 0.04225487
v -0.02269212 -0.20225950 0.04950976
v 0.06316207 -0.19613694 0.04926974
v 0.06197110 -0.19123290 0.04661924
v 0.07621189 -0.18409105 0.04472584
v 0.00390302 -0.17589793 0.03700861
v 0.12166286 -0.11542623 0.01584515
v 0.12332901 -0.10438331 0.01110816
v 0.12880886 -0.10369015 0.01107699
v 0.12896240 -0.11482720 0.01616022
v 0.12877084 -0.08909183 0.00565252
v 0.07745107 -0.19143578 0.04876134
v 0.08611494 -0.18377905 0.04604051
v 0.13074338 -0.12753947 0.02326748
v 0.05728861 -0.20290282 0.05236104
v 0.13429479 -0.10160661 0.01105174
v 0.13533880 -0.08678465 0.00569999
v -0.02922157 -0.19432774 0.04582271
v -0.03048918 -0.18048944 0.03977665
v -0.04935160 -0.19158098 0.04569501
v -0.04416092 -0.19917168 0.04914454
v -0.05706670 -0.19683619 0.04893211
v -0.06780411 -0.18949109 0.04626891
v -0.12527748 -0.10033567 0.00987583
v -0.12518204 -0.11556494 0.01642790
v -0.12836447 -0.08795957 0.00556859
v -0.13136393 -0.09886482 0.00978050
v -0.13067272 -0.11249551 0.01552603
v 0.12849465 -0.08062713 0.00345317
v -0.13758241 -0.08448089 0.00556529
v -0.12971099 -0.08136671 0.00398338
v -0.08604840 -0.18201515 0.04504615
v -0.01462223 -0.20811106 0.05243775
v -0.02679719 -0.20749700 0.05264249
v -0.13051397 -0.12238343 0.02066070
v -0.05002709 -0.20472367 0.05275261
v -0.12867680 -0.13723576 0.02833262
v -0.13841821 -0.09732471 0.01057380
v -0.07329960 -0.19857793 0.05210787
v -0.06429464 -0.20288976 0.05340225
v -0.13833776 -0.11079361 0.01645577
v 0.13727577 -0.10853154 0.01488352
v -0.08328910 -0.19488622 0.05178383
v 0.00081393 -0.22014655 0.05968311
v -0.01918371 -0.21988083 0.06006703
v -0.11943865 -0.15807325 0.03838840
v -0.03185613 -0.21314456 0.05654728
v 0.02420182 -0.22033516 0.06056976
v 0.03547872 -0.21350268 0.05690923
v 0.04257518 -0.20992231 0.05523348
v 0.07291478 -0.19967945 0.05277893
v -0.05242617 -0.21280251 0.05829144
v 0.13542093 -0.11737379 0.01904526
v -0.13158394 -0.07390419 0.00282440
v -0.04019462 -0.22123462 0.06254676
v 0.05183459 -0.21318471 0.05825579
v 0.03919803 -0.22165745 0.06263721
v 0.05949897 -0.20699534 0.05539244
v 0.06664979 -0.21059601 0.05892056
v 0.09630319 -0.18553942 0.04919493
v 0.08708397 -0.19578144 0.05334407
v 0.02084635 -0.22496255 0.06362492
v 0.00263311 -0.22533277 0.06333411
v -0.13779166 -0.12539501 0.02391618
v -0.01873764 -0.22475733 0.06341052
v 0.13089165 -0.13795917 0.02931762
v 0.14249834 -0.09120680 0.00921410
v -0.12562790 -0.15036500 0.03537220
v -0.09490158 -0.19166310 0.05260307
v -0.10708946 -0.18245240 0.05029854
v 0.04849158 -0.22077902 0.06307915
v 0.05840780 -0.21996216 0.06413299
v -0.04952496 -0.22100168 0.06354430
v -0.13449469 -0.13601957 0.02906454
v -0.14433099 -0.07723136 0.00533357
v -0.13792787 -0.14046368 0.03304026
v -0.05563102 -0.21980460 0.06358522
v -0.06502330 -0.20630938 0.05584547
v -0.06721278 -0.21462455 0.06187394
v -0.07710342 -0.20776190 0.05910990
v 0.13785838 -0.13102101 0.02711481
v -0.14286824 -0.09091282 0.00949979
v 0.12851560 -0.15560842 0.03961033
v -0.00610239 -0.22804360 0.06562141
v -0.01497911 -0.23078460 0.06797418
v -0.00237699 -0.23612173 0.07187518
v -0.04093214 -0.22592048 0.06628445
v -0.03068213 -0.23115660 0.06929803
v 0.08208341 -0.20598122 0.05903590
v 0.07466467 -0.21359845 0.06271464
v 0.02604209 -0.22759949 0.06607461
v 0.03755167 -0.23079902 0.06950933
v 0.01657333 -0.23250391 0.06928843
v 0.00567307 -0.23819858 0.07372689
v -0.09074716 -0.19855924 0.05620658
v -0.02182546 -0.23676813 0.07316786
v -0.00790325 -0.23806749 0.07365340
v 0.09959371 -0.19052312 0.05322587
v 0.13430040 -0.14797276 0.03672159
v -0.14470242 -0.10430724 0.01568812
v 0.14419644 -0.10384969 0.01515001
v -0.04700963 -0.23084447 0.07087463
v -0.05177056 -0.22586474 0.06761944
v 0.03625176 -0.23590909 0.07355055
v 0.02187006 -0.23694521 0.07320163
v 0.05034211 -0.23213802 0.07241368
v 0.14279896 -0.12118848 0.02346534
v 0.14301074 -0.11258648 0.01909405
v -0.13303505 -0.15340936 0.03952292
v -0.08137303 -0.21141604 0.06277117
v 0.13808967 -0.13963400 0.03284648
v -0.12132733 -0.17808658 0.05213249
v -0.12655109 -0.16771972 0.04695198
v -0.06230574 -0.22583693 0.06960240
v -0.14572199 -0.11747006 0.02255133
v -0.14349194 -0.13026758 0.02872610
v -0.03299372 -0.23673907 0.07422122
v -0.04525857 -0.23486128 0.07409385
v -0.11218823 -0.18382302 0.05282697
v 0.09628899 -0.20092492 0.05959567
v 0.06198536 -0.22913219 0.07223663
v -0.09554045 -0.20545532 0.06259540
v -0.10341504 -0.19309092 0.05641541
v -0.07168479 -0.22353213 0.06999439
v 0.11403583 -0.18281890 0.05298835
v 0.07529907 -0.21858373 0.06704220
v -0.05854691 -0.23138492 0.07347801
v 0.00002775 -0.24305458 0.07817695
v -0.08384375 -0.22212218 0.07248619
v 0.08475316 -0.21186548 0.06434062
v 0.14868677 -0.08190208 0.00837630
v -0.01928948 -0.24404757 0.07970580
v 0.01524935 -0.24301381 0.07850459
v -0.08802577 -0.21353276 0.06676638
v 0.09635440 -0.20775053 0.06498289
v 0.10668197 -0.19630203 0.05985951
v -0.03587964 -0.24249817 0.07981703
v 0.02884153 -0.24269216 0.07903907
v 0.04218715 -0.24278839 0.08080444
v -0.00099721 -0.25195460 0.08666191
v 0.01575718 -0.25181173 0.08697659
v -0.01775185 -0.25198369 0.08727923
v -0.02682248 -0.25130109 0.08741233
v 0.02737151 -0.25129466 0.08729711
v -0.06689232 -0.22984724 0.07419509
v 0.07494165 -0.22716177 0.07413194
v 0.08468745 -0.22215375 0.07285106
v 0.12677935 -0.17486118 0.05235794
v 0.13402097 -0.16430973 0.04796976
v 0.13612491 -0.15671532 0.04350895
v 0.14156255 -0.14900699 0.04052272
v 0.11775765 -0.18951447 0.05939654
v 0.10429920 -0.20183836 0.06316245
v 0.14419189 -0.13029511 0.02933076
v 0.14431241 -0.14426087 0.03849745
v -0.11191905 -0.19815700 0.06327230
v -0.11845513 -0.18835400 0.05861583
v 0.05599974 -0.23680228 0.07799721
v 0.05316526 -0.24199767 0.08223033
v -0.07717825 -0.22587168 0.07363808
v -0.05075413 -0.24409895 0.08385751
v 0.14910729 -0.09374898 0.01302990
v -0.14304364 -0.14719608 0.03956857
v -0.14710253 -0.13642393 0.03437695
v -0.14930826 -0.09147019 0.01245895
v -0.15036687 -0.08131057 0.00937885
v -0.12824169 -0.18045981 0.05703586
v -0.06094307 -0.24247138 0.08469525
v -0.03814863 -0.25081675 0.08847114
v 0.06152430 -0.23871998 0.08116832
v 0.06859200 -0.23321283 0.07796761
v -0.13628730 -0.15737899 0.04376680
v -0.13555978 -0.16860658 0.05145624
v -0.09863429 -0.21544722 0.07223663
v -0.08998537 -0.22112426 0.07390481
v -0.11093906 -0.21064425 0.07344198
v -0.11423710 -0.20438333 0.06952652
v -0.14938644 -0.10156246 0.01665470
v 0.12926425 -0.18198451 0.05901262
v 0.04592941 -0.24915119 0.08798748
v 0.09747049 -0.21699414 0.07325813
v -0.15225162 -0.12219091 0.02832654
v 0.15284832 -0.11193483 0.02338195
v 0.14953445 -0.10197042 0.01684168
v 0.05921604 -0.24494882 0.08673161
v 0.12102101 -0.19292651 0.06342936
v -0.12452965 -0.19089314 0.06322917
v -0.06910615 -0.24057572 0.08535084
v -0.08022679 -0.23133864 0.08003336
v -0.08362934 -0.22654620 0.07667443
v -0.08913260 -0.23076613 0.08301005
v 0.15122920 -0.12459163 0.02943420
v 0.07506786 -0.23623490 0.08295092
v 0.07000853 -0.24152295 0.08655807
v 0.10839922 -0.20547284 0.06815943
v -0.15462966 -0.11117306 0.02396449
v 0.13637772 -0.17145570 0.05457804
v 0.08849104 -0.22942741 0.08130983
v 0.06350324 -0.25240444 0.09608161
v -0.14809318 -0.15245581 0.04604542
v -0.07052656 -0.25129311 0.09773752
v 0.14422069 -0.15561008 0.04667953
v -0.14852764 -0.07178267 0.00546929
v -0.13560756 -0.18334883 0.06294757
v 0.12062640 -0.19908969 0.06859696
v 0.11462685 -0.20784244 0.07318839
v 0.10958654 -0.21208553 0.07455945
v -0.08226564 -0.23664615 0.08622199
v 0.09844211 -0.22475159 0.08117980
v 0.10665825 -0.22030181 0.08097902
v 0.15276501 -0.13689801 0.03808710
v -0.07454142 -0.24278586 0.08988088
v -0.12878728 -0.19555594 0.06949005
v -0.14868395 -0.14414833 0.04046148
v -0.15262938 -0.13131653 0.03429407
v 0.08680175 -0.23592633 0.08732414
v 0.08005593 -0.24088456 0.08982843
v -0.09940360 -0.22587770 0.08278218
v -0.10524470 -0.21838537 0.07823795
v -0.14218374 -0.16584043 0.05293936
v 0.09592886 -0.23199204 0.08749533
v 0.14590208 -0.16273463 0.05313089
v 0.13377357 -0.18465275 0.06354234
v 0.15431750 -0.08316591 0.01169103
v -0.12231781 -0.20512733 0.07444987
v 0.07545340 -0.25138371 0.09986374
v -0.14647974 -0.17134799 0.05986485
v -0.15149412 -0.16085675 0.05485311
v 0.15592070 -0.11943965 0.02922684
v -0.15486528 -0.09455704 0.01670754
v 0.15308882 -0.14755777 0.04608923
v 0.12897098 -0.19366290 0.06844193
v 0.12668549 -0.20098314 0.07364634
v -0.13791032 -0.18790361 0.06836626
v 0.15738265 -0.08965719 0.01585519
v -0.08621049 -0.24316002 0.09540623
v -0.09452660 -0.23240387 0.08736646
v -0.11546540 -0.21414933 0.07942408
v -0.12238505 -0.21133175 0.08064339
v -0.15773554 -0.08806818 0.01576027
v 0.15180196 -0.15665029 0.05202007
v 0.14688608 -0.17242239 0.06163692
v 0.14394453 -0.17811657 0.06459522
v 0.08777284 -0.24377085 0.09673446
v -0.15617746 -0.13712069 0.04044437
v 0.10628066 -0.22598016 0.08666846
v -0.15787823 -0.07618270 0.01172525
v -0.10658503 -0.22610340 0.08695734
v -0.11547130 -0.22073700 0.08644822
v -0.13426839 -0.19739389 0.07443053
v 0.15953107 -0.10464837 0.02399236
v -0.15508796 -0.14755474 0.04704556
v -0.15638402 -0.15456371 0.05324703
v 0.12309583 -0.20605062 0.07647508
v 0.12157734 -0.21617936 0.08569914
v -0.09670378 -0.24096231 0.09856543
v -0.10457114 -0.23499763 0.09621397
v -0.07990489 -0.25271212 0.10384902
v 0.13652758 -0.19380888 0.07337558
v 0.09576396 -0.24078758 0.09765992
v -0.14409225 -0.18801481 0.07258615
v 0.12902194 -0.21065310 0.08481520
v 0.10637650 -0.23424119 0.09644011
v 0.11415466 -0.22869670 0.09522069
v -0.09005953 -0.25209652 0.10882536
v 0.13448367 -0.20230512 0.08023441
v 0.16005881 -0.12374873 0.03476673
v 0.15395083 -0.16685489 0.06201923
v -0.15900165 -0.11656842 0.02972338
v 0.08773339 -0.25331338 0.10871726
v -0.15954742 -0.09633716 0.02047843
v -0.15970927 -0.10641062 0.02502018
v -0.15172558 -0.17121246 0.06346443
v -0.16264398 -0.12639558 0.03821677
v 0.15911834 -0.13342354 0.04027331
v -0.12354010 -0.21548514 0.08602023
v -0.13183953 -0.20962702 0.08540851
v -0.13818996 -0.20075811 0.08071503
v 0.15814897 -0.14132412 0.04511756
v 0.09710398 -0.24820562 0.10820144
v 0.10470724 -0.24183069 0.10499924
v -0.14940822 -0.18101099 0.07039806
v 0.15895708 -0.05639084 0.00625017
v 0.15958615 -0.15009467 0.05274510
v 0.16090083 -0.16024168 0.06202793
v 0.14833222 -0.18394747 0.07305455
v -0.11405557 -0.22951061 0.09605941
v -0.16081050 -0.14787264 0.05155739
v 0.14474100 -0.19442618 0.08046556
v -0.15857337 -0.16384363 0.06280512
v -0.15638578 -0.17272861 0.06887621
v -0.09716101 -0.24993820 0.11107302
v -0.16677900 -0.06863654 0.01494396
v 0.16431542 -0.09563072 0.02325943
v -0.16572277 -0.10367613 0.02802300
v -0.16684991 -0.08721732 0.02182877
v -0.12221302 -0.22535898 0.09706792
v 0.00017074 -0.34310676 0.17437506
v 0.00381932 -0.34348430 0.17573410
v -0.10806042 -0.24230577 0.10841581
v -0.11917872 -0.23204550 0.10357189
v -0.12741305 -0.22111177 0.09593493
v -0.13671052 -0.20760539 0.08705875
v 0.12649524 -0.22212054 0.09663674
v -0.14735095 -0.19480063 0.08205527
v -0.14425085 -0.20204106 0.08728135
v 0.15431353 -0.17789581 0.07245052
v -0.09616122 -0.25274797 0.11431015
v -0.14960541 -0.18487437 0.07412204
v -0.15420212 -0.17995441 0.07350278
v -0.13398045 -0.21313043 0.09154946
v 0.09824052 -0.25413977 0.11797708
v 0.13564165 -0.20894691 0.08829182
v 0.14330402 -0.20147638 0.08665478
v 0.11723273 -0.23338403 0.10381651
v 0.10416768 -0.24599724 0.11046264
v 0.11062266 -0.24194168 0.10993475
v 0.16550069 -0.10655367 0.02932742
v 0.12593733 -0.22797170 0.10417593
v 0.14997570 -0.19508815 0.08574080
v 0.15522675 -0.18548222 0.08077031
v -0.16636842 -0.12806480 0.04254064
v -0.10848132 -0.24873088 0.11905178
v -0.10223801 -0.25314961 0.12007356
v 0.11769452 -0.23691860 0.10909981
v -0.14334415 -0.21033828 0.09654015
v -0.13260657 -0.22047165 0.09992635
v -0.12260062 -0.23513609 0.11113757
v -0.12946421 -0.22926565 0.10922873
v -0.12108178 -0.24161883 0.12000254
v 0.16061492 -0.17254132 0.07317007
v -0.15430650 -0.19168755 0.08536759
v -0.15179034 -0.19588856 0.08747512
v -0.14938101 -0.20525002 0.09642133
v 0.14155489 -0.21337169 0.09947032
v 0.14872971 -0.20571527 0.09700048
v 0.10595758 -0.25149240 0.12082115
v 0.11134253 -0.24500601 0.11555105
v -0.13739230 -0.22375454 0.10916251
v 0.13429177 -0.22568998 0.10915625
v 0.12879355 -0.23057419 0.11074939
v -0.14430405 -0.21398930 0.10271049
v -0.17327820 -0.12331004 0.04572770
v 0.14084408 -0.22057591 0.10884640
v -0.10549986 -0.25455587 0.12606579
v 0.11843275 -0.24305369 0.11964351
v 0.12392063 -0.23950793 0.11990693
v 0.15440689 -0.19344206 0.08846307
v 0.15955734 -0.18920305 0.08944190
v -0.11623289 -0.24939622 0.12891489
v 0.11469766 -0.25252335 0.13304842
v 0.15599744 -0.19962013 0.09763226
v -0.14954318 -0.21336280 0.10784364
v -0.14675260 -0.21964203 0.11425507
v -0.15648451 -0.19950935 0.09742409
v -0.16012731 -0.19148664 0.09198129
v 0.13483188 -0.23214737 0.12058729
v 0.12135471 -0.24790804 0.13283142
v 0.15138073 -0.21915418 0.12101915
v -0.13913840 0.18402313 0.00421762
v -0.26823032 0.19811271 0.25448036
v -0.29635713 0.21353711 0.95188811
f 612 613 626
f 1055 20 1051
f 573 1936 595
f 18 20 1067
f 1067 1053 18
f 18 1053 1062
f 1062 19 18
f 1497 1546 1487
f 1487 1546 1553
f 1466 1497 1487
f 596 597 2018
f 646 647 598
f 2002 2003 626
f 601 587 585
f 651 649 645
f 648 649 653
f 645 649 648
f 1050 1053 1067
f 1067 20 1050
f 20 1055 1050
f 1030 1033 1032
f 994 996 626
f 995 996 998
f 995 612 626
f 626 996 995
f 998 996 997
f 565 1937 1936
f 565 1936 573
f 1902 1911 1912
f 573 595 588
f 588 565 573
f 588 595 574
f 585 587 588
f 1901 1911 1902
f 1902 595 1901
f 1901 595 1911
f 1922 595 1936
f 545 544 541
f 1035 1033 2499
f 2499 1033 583
f 1029 1033 1030
f 583 1033 1029
f 1051 20 1045
f 1002 977 571
f 1002 571 1003
f 1420 1431 1410
f 1722 575 574
f 585 588 590
f 590 588 574
f 576 17 572
f 575 17 576
f 574 575 576
f 576 590 574
f 1749 1743 574
f 1430 1452 1429
f 2077 2094 2093
f 2088 2094 2077
f 597 696 695
f 695 696 699
f 699 989 695
f 993 597 596
f 993 696 597
f 625 2002 626
f 626 617 984
f 1984 2004 2000
f 626 2003 2005
f 1995 2000 1994
f 1994 2000 2004
f 600 601 585
f 1487 1553 1554
f 1554 1547 1487
f 692 1659 1554
f 1554 693 692
f 1553 693 1554
f 616 617 626
f 626 615 616
f 60 632 992
f 986 989 699
f 649 651 655
f 598 647 654
f 647 648 654
f 654 2006 598
f 1030 1032 1027
f 1027 1026 1030
f 1040 1050 1055
f 1040 1055 1051
f 998 1376 1371
f 6 610 8
f 1403 1404 610
f 1073 19 1062
f 566 371 567
f 612 995 618
f 613 612 618
f 618 1372 613
f 1072 1073 1062
f 19 1073 1072
f 102 75 81
f 74 75 73
f 77 81 75
f 484 542 446
f 484 498 542
f 445 386 446
f 561 1949 1942
f 601 600 605
f 565 588 605
f 587 601 605
f 605 588 587
f 1927 1934 1944
f 1944 1934 1949
f 1940 1941 555
f 1911 595 1913
f 1913 1922 1911
f 595 1922 1913
f 1911 1922 1924
f 1924 1912 1911
f 1924 1937 1942
f 1936 1937 1924
f 1924 1922 1936
f 1926 1915 1927
f 1927 1944 1926
f 1883 595 1902
f 1875 544 545
f 1875 1406 544
f 1938 1951 544
f 1938 1950 1951
f 544 1877 1892
f 1828 1406 1802
f 544 1406 1828
f 494 541 509
f 509 541 544
f 544 528 509
f 361 371 345
f 345 566 337
f 371 566 345
f 381 371 361
f 388 392 381
f 567 371 381
f 381 392 567
f 1293 1300 1267
f 2014 2088 2009
f 1336 2010 1135
f 1028 1026 583
f 583 1029 1028
f 1030 1026 1028
f 1028 1029 1030
f 973 571 977
f 31 1024 23
f 1031 24 23
f 23 1024 1031
f 583 1014 582
f 583 1026 1022
f 1022 1014 583
f 2099 2088 2014
f 2099 2094 2088
f 2075 2094 2099
f 2076 2099 2014
f 2075 2099 2076
f 2007 2498 2076
f 1960 2498 2007
f 2007 1962 1960
f 1960 1962 1964
f 1972 1971 2007
f 1974 571 1982
f 2007 1003 569
f 570 571 1974
f 570 1003 571
f 1974 569 570
f 570 569 1003
f 1798 1406 1778
f 1406 1779 1778
f 1644 1691 1655
f 1432 1431 1422
f 1431 1420 1422
f 1416 1417 1409
f 692 689 694
f 574 1743 1735
f 1735 1722 574
f 1747 1755 1745
f 1768 1769 1767
f 1767 1755 1768
f 1801 1807 1788
f 1788 1785 1801
f 1743 1749 1752
f 574 1761 1752
f 1752 1749 574
f 1768 1755 1766
f 1775 1761 574
f 574 1780 1775
f 1480 1466 1458
f 1466 1457 1458
f 1480 1458 1472
f 1472 1458 1457
f 1414 1447 1413
f 1413 1447 1408
f 1413 1429 1414
f 1430 1429 1413
f 1414 1457 1415
f 1415 1447 1414
f 1457 1447 1415
f 1449 1457 1466
f 1449 1447 1457
f 1449 1466 1487
f 1501 1512 1520
f 1501 1466 1480
f 1520 1497 1501
f 1497 1466 1501
f 1521 1497 1520
f 1520 1512 1521
f 1546 1497 1521
f 669 670 668
f 597 695 599
f 599 695 697
f 697 628 599
f 598 848 599
f 1367 848 598
f 598 847 1367
f 848 1367 873
f 2073 990 596
f 596 2018 2073
f 2018 873 2073
f 2436 2279 2276
f 2278 2279 2436
f 2006 654 740
f 740 654 648
f 686 689 692
f 677 679 673
f 673 679 670
f 673 669 677
f 670 669 673
f 2093 2094 2074
f 2074 2094 2075
f 2093 2074 2019
f 2019 2075 2020
f 2019 2074 2075
f 2105 2083 2104
f 2079 2084 2082
f 2082 2083 2079
f 2084 2083 2082
f 2080 2084 2079
f 2080 2081 2084
f 52 637 635
f 635 60 52
f 631 60 635
f 627 633 598
f 598 599 627
f 627 599 628
f 627 631 633
f 697 695 698
f 698 628 697
f 596 990 988
f 988 993 596
f 699 696 988
f 696 993 988
f 987 990 1999
f 1999 625 987
f 987 625 626
f 626 984 987
f 987 988 990
f 1998 625 1999
f 2002 625 1998
f 1966 1979 1969
f 2004 2005 2001
f 2001 1994 2004
f 2001 2005 2003
f 585 590 591
f 591 576 572
f 590 576 591
f 626 613 614
f 614 615 626
f 650 657 651
f 62 60 1395
f 52 60 62
f 991 695 989
f 992 698 991
f 991 698 695
f 662 655 661
f 656 655 651
f 656 657 658
f 651 657 656
f 658 661 656
f 661 655 656
f 1034 1045 1031
f 1032 1040 1034
f 1051 1045 1034
f 1034 1040 1051
f 1031 1027 1034
f 1034 1027 1032
f 998 1371 1000
f 610 6 13
f 43 12 577
f 43 1365 1404
f 20 18 21
f 610 1404 611
f 1404 1365 611
f 1404 1403 1402
f 1372 618 1373
f 237 287 235
f 33 39 579
f 579 39 568
f 568 39 566
f 567 579 568
f 568 566 567
f 334 331 335
f 83 77 82
f 76 75 74
f 76 77 75
f 76 82 77
f 93 566 102
f 87 77 83
f 87 93 77
f 88 137 87
f 151 137 88
f 177 151 176
f 336 345 177
f 177 176 336
f 446 386 471
f 471 484 446
f 384 445 385
f 386 445 384
f 351 349 313
f 78 76 74
f 82 76 78
f 313 349 262
f 247 260 262
f 496 495 522
f 496 493 495
f 1345 505 486
f 1954 561 1942
f 560 561 1954
f 1942 1937 1954
f 1937 565 1954
f 606 605 600
f 551 536 550
f 550 555 551
f 514 523 536
f 1955 536 551
f 535 536 1955
f 1942 1949 1923
f 1949 1934 1923
f 1923 1934 1927
f 1915 1896 1897
f 1902 1912 1897
f 1933 1921 1945
f 1915 1926 1917
f 1945 1921 1931
f 1931 1917 1926
f 1921 1917 1931
f 1935 1930 1940
f 544 1930 1935
f 544 1918 1928
f 1928 1930 544
f 1918 1930 1928
f 1932 1941 1940
f 1940 1930 1932
f 1909 1918 544
f 1802 1406 1812
f 1730 1741 1406
f 1756 1779 1406
f 1756 1778 1779
f 1655 1691 1701
f 1719 1406 1770
f 526 1950 554
f 555 550 554
f 1939 1938 544
f 1939 1935 1940
f 544 1935 1939
f 442 377 385
f 385 445 442
f 1791 1769 1768
f 1870 1865 1888
f 1870 1892 1877
f 1807 1801 1816
f 595 1843 1842
f 1869 1877 544
f 501 468 502
f 485 502 468
f 461 468 457
f 457 468 453
f 453 434 457
f 472 476 463
f 474 476 472
f 478 476 474
f 544 1951 549
f 1951 1950 549
f 527 1950 526
f 526 512 527
f 527 549 1950
f 512 500 527
f 453 468 466
f 466 468 501
f 501 500 466
f 397 398 567
f 567 392 397
f 397 392 388
f 395 399 394
f 394 397 388
f 367 381 361
f 388 381 367
f 464 440 541
f 2118 1300 1329
f 2109 2110 2113
f 2113 1344 2109
f 1329 1344 2113
f 2113 2118 1329
f 1265 1267 1248
f 1293 1267 2012
f 2012 1300 1293
f 1267 1265 2012
f 1248 2010 2012
f 2012 1265 1248
f 583 582 1337
f 1337 2499 583
f 1336 1127 1337
f 1127 2499 1337
f 1092 1046 1094
f 1110 1100 1106
f 1035 2499 1112
f 1112 2499 1127
f 1128 1127 1336
f 1062 1053 1052
f 1049 1046 1092
f 1049 1048 1046
f 981 973 980
f 980 973 977
f 980 982 981
f 1389 982 980
f 1391 982 1389
f 31 1389 1385
f 1385 1009 31
f 1389 980 1385
f 1021 1022 1026
f 1014 1022 1021
f 2121 2076 2014
f 2014 2009 2121
f 2007 2076 1001
f 1001 2121 2119
f 2076 2121 1001
f 1001 1003 2007
f 1001 1006 1003
f 1961 1965 1966
f 2007 1965 1961
f 1966 1962 1961
f 1961 1962 2007
f 2007 1971 1963
f 1963 1965 2007
f 1971 1965 1963
f 1978 1979 1966
f 1966 1965 1978
f 1985 1979 1978
f 1974 1982 1975
f 1975 1972 1974
f 1971 1972 1975
f 2007 569 1970
f 1970 569 1974
f 1970 1972 2007
f 1974 1972 1970
f 1006 1001 580
f 2119 581 580
f 580 1001 2119
f 1007 581 1013
f 1007 580 581
f 1006 580 1007
f 1002 1003 1005
f 1003 1006 1005
f 1006 1007 1005
f 1537 1538 1536
f 1435 1452 1430
f 1802 1812 1784
f 1798 1778 1784
f 1784 1812 1406
f 1784 1406 1798
f 1710 1665 1692
f 1734 1756 1731
f 1731 1723 1734
f 1723 1739 1734
f 1687 1673 1686
f 1686 1702 1687
f 1687 1702 1703
f 1723 1713 1704
f 1425 1438 1436
f 1436 1422 1425
f 1408 1447 1412
f 1412 1409 1408
f 658 657 46
f 46 45 658
f 657 650 46
f 652 48 46
f 46 650 652
f 676 683 677
f 674 683 676
f 677 669 676
f 676 669 674
f 1416 17 1421
f 1421 1418 1416
f 1421 17 575
f 575 1427 1421
f 1428 1427 575
f 1440 1438 1425
f 1425 1426 1440
f 1441 1438 1440
f 1441 1440 1444
f 1444 1440 1426
f 1444 1426 1427
f 1425 1422 1419
f 1419 1422 1420
f 1419 1409 1417
f 1420 1409 1419
f 1419 1417 1416
f 1416 1418 1419
f 1427 1426 1423
f 1423 1421 1427
f 1418 1421 1423
f 1703 1727 1705
f 1705 1687 1703
f 1742 1735 1743
f 1735 1742 1736
f 1711 1702 575
f 1688 1702 1686
f 575 1702 1688
f 1760 1766 1755
f 1753 1766 1760
f 1745 1755 1754
f 1755 1767 1754
f 1754 1739 1745
f 1800 1801 1785
f 1815 1816 1800
f 1800 1816 1801
f 1743 1752 1751
f 1751 1742 1743
f 1771 1785 1788
f 1771 1773 1785
f 574 1799 1793
f 1793 1794 574
f 1799 1794 1793
f 1786 1780 574
f 574 1794 1786
f 1786 1775 1780
f 1805 1794 1799
f 1785 1773 1776
f 1775 1786 1776
f 1776 1773 1761
f 1761 1775 1776
f 1456 1472 1457
f 1456 1457 1414
f 1414 1429 1456
f 1456 1429 1452
f 1485 1501 1480
f 1408 1409 1407
f 1407 1413 1408
f 1407 1420 1410
f 1407 1409 1420
f 1430 1413 1407
f 1410 1431 1407
f 1407 1431 1430
f 1487 1547 1450
f 1450 1449 1487
f 17 1448 1450
f 1447 1449 1450
f 1450 1448 1447
f 663 662 661
f 663 669 668
f 668 662 663
f 932 2018 597
f 932 873 2018
f 597 599 932
f 932 599 848
f 848 873 932
f 2022 873 2023
f 2023 873 1367
f 2023 1367 846
f 1999 990 1997
f 990 2073 1997
f 2498 1960 2015
f 2017 2073 873
f 2017 2022 2020
f 2017 873 2022
f 2025 2029 2024
f 2319 2348 2347
f 2454 2418 2419
f 2323 2436 2297
f 2355 2364 2337
f 2276 2277 2282
f 2282 2436 2276
f 2277 2436 2282
f 846 1367 703
f 653 649 659
f 659 664 653
f 667 648 653
f 653 740 667
f 667 740 648
f 598 2006 746
f 2006 740 746
f 717 703 1367
f 666 662 668
f 677 683 684
f 689 686 684
f 2026 2029 2025
f 2026 2019 2029
f 2026 2025 2093
f 2093 2019 2026
f 2029 2019 2021
f 2020 2022 2021
f 2021 2019 2020
f 2107 2110 2109
f 2109 2105 2107
f 2107 2105 2104
f 1302 1322 1312
f 2081 2080 2078
f 2084 2081 2078
f 2088 2077 2078
f 2078 2080 2088
f 2078 2089 2084
f 2078 2077 2093
f 2093 2025 2078
f 2010 2009 2011
f 2011 2080 2079
f 2011 2009 2088
f 2088 2080 2011
f 2079 2083 2011
f 2083 2105 2011
f 2133 2128 2137
f 2137 2134 2133
f 2214 2212 2247
f 2254 2212 2214
f 2247 2310 2301
f 2301 2214 2247
f 2254 2214 2301
f 2137 2128 2138
f 2202 2212 2254
f 2254 2253 2202
f 2202 2175 2212
f 2192 2092 2097
f 2303 2220 2238
f 2303 2378 2304
f 2368 2378 2303
f 2304 2213 2303
f 2213 2220 2303
f 2168 2220 2213
f 2166 2202 2179
f 2179 2253 2238
f 2179 2202 2253
f 598 633 636
f 636 646 598
f 643 48 652
f 643 642 48
f 652 650 643
f 643 651 645
f 643 650 651
f 644 648 647
f 647 640 644
f 645 648 644
f 644 643 645
f 629 627 628
f 631 627 629
f 629 60 631
f 632 60 629
f 628 698 630
f 632 629 630
f 630 629 628
f 992 632 630
f 630 698 992
f 989 986 66
f 66 991 989
f 1395 60 66
f 66 60 992
f 992 991 66
f 1984 2000 1981
f 1981 1979 1984
f 1981 1969 1979
f 1967 1962 1966
f 578 33 579
f 577 12 578
f 578 609 577
f 577 609 607
f 607 43 577
f 1365 43 607
f 985 987 984
f 988 987 985
f 985 984 617
f 617 622 985
f 985 986 699
f 699 988 985
f 615 614 620
f 594 591 572
f 586 1 963
f 591 594 589
f 585 591 589
f 592 1 586
f 592 589 593
f 45 46 51
f 48 642 47
f 655 662 660
f 665 659 660
f 660 666 665
f 662 666 660
f 649 655 660
f 660 659 649
f 14 6 8
f 14 13 6
f 1384 13 14
f 15 13 1384
f 1384 1000 15
f 15 1000 1371
f 20 21 28
f 28 1045 20
f 28 26 1045
f 981 982 1386
f 1386 982 1388
f 12 43 30
f 30 43 40
f 30 21 12
f 30 28 21
f 975 1368 997
f 975 1369 1368
f 178 345 337
f 177 345 178
f 178 151 177
f 137 151 178
f 337 566 178
f 566 137 178
f 999 618 995
f 999 1373 618
f 999 995 998
f 998 1000 999
f 1387 1000 1381
f 1387 999 1000
f 103 106 107
f 107 106 153
f 287 237 29
f 153 106 29
f 566 39 29
f 235 287 293
f 1061 1069 1065
f 369 367 368
f 388 367 369
f 395 369 366
f 88 87 86
f 86 87 83
f 88 86 89
f 111 131 98
f 98 131 91
f 331 174 175
f 81 77 92
f 77 93 92
f 102 81 92
f 92 93 102
f 136 137 566
f 566 93 136
f 136 87 137
f 93 87 136
f 173 176 135
f 173 331 334
f 173 174 331
f 361 345 358
f 345 336 358
f 358 367 361
f 333 336 176
f 333 173 334
f 176 173 333
f 333 358 336
f 498 484 465
f 484 471 465
f 497 508 465
f 376 351 353
f 376 384 385
f 353 384 376
f 385 377 376
f 349 377 374
f 407 378 387
f 387 374 377
f 378 374 387
f 253 252 330
f 172 252 253
f 183 154 182
f 183 213 184
f 182 213 183
f 109 97 96
f 188 190 156
f 71 78 74
f 69 78 71
f 96 78 80
f 69 72 80
f 82 78 94
f 94 78 96
f 94 97 95
f 96 97 94
f 2488 546 548
f 2446 546 2462
f 2436 546 2396
f 2446 2462 2438
f 2446 2438 2430
f 209 259 233
f 233 259 260
f 233 260 247
f 247 213 233
f 156 190 181
f 182 154 180
f 205 213 182
f 209 233 205
f 205 233 213
f 209 208 221
f 531 518 510
f 497 493 510
f 510 508 497
f 518 508 510
f 1357 1358 505
f 522 495 482
f 482 1358 522
f 1324 1323 1330
f 1324 1330 1345
f 1345 486 1324
f 1958 565 560
f 560 1954 1958
f 1958 1954 565
f 499 517 504
f 1949 561 1956
f 600 609 608
f 608 606 600
f 608 578 579
f 609 578 608
f 608 579 567
f 567 606 608
f 492 514 488
f 559 1955 551
f 1803 1799 574
f 1925 1924 1942
f 1942 1923 1925
f 1912 1924 1925
f 1925 1923 1912
f 1912 1923 1916
f 1916 1897 1912
f 1915 1897 1916
f 1927 1915 1916
f 1916 1923 1927
f 1864 1878 1843
f 1864 1843 595
f 1883 1878 1864
f 595 1883 1864
f 1898 1896 1915
f 1915 1917 1898
f 1898 1917 1899
f 1896 1878 1891
f 1891 1897 1896
f 1891 1878 1883
f 1891 1883 1902
f 1902 1897 1891
f 1946 1933 1945
f 1955 559 1946
f 1946 559 551
f 1943 1926 1944
f 1943 1931 1926
f 544 1892 1895
f 1919 1930 1918
f 1919 1932 1930
f 1888 1865 1853
f 1853 1889 1888
f 1904 1909 1903
f 1888 1889 1903
f 1903 1889 1904
f 1903 1909 544
f 544 1895 1903
f 1719 1730 1764
f 1764 1730 1406
f 1406 1741 1781
f 1781 1756 1406
f 1741 1756 1781
f 1731 1756 1740
f 1740 1756 1741
f 1874 1818 1809
f 1406 1875 1874
f 1770 1874 1726
f 1726 1874 1873
f 1950 1938 1952
f 1952 554 1950
f 1938 1939 1952
f 1952 1939 1940
f 1940 555 1952
f 555 554 1952
f 526 554 525
f 525 554 550
f 525 512 526
f 525 550 536
f 536 523 525
f 377 442 443
f 1790 1791 1768
f 1795 1791 1790
f 1838 1816 1815
f 574 595 1829
f 1829 1803 574
f 1807 1816 1817
f 1816 1838 1817
f 1813 1795 1807
f 544 1846 1845
f 1845 1866 544
f 1839 1860 1845
f 1862 1860 1877
f 1855 1844 1865
f 1865 1870 1855
f 1855 1870 1877
f 1877 1860 1855
f 1714 1669 1668
f 1606 1638 1597
f 1716 1669 1714
f 1716 1717 1669
f 1809 1818 1808
f 1818 1715 1808
f 494 509 506
f 509 502 506
f 506 485 494
f 502 485 506
f 469 468 461
f 469 485 468
f 494 485 469
f 529 528 544
f 544 549 529
f 530 509 528
f 528 529 530
f 530 529 549
f 447 448 430
f 430 425 447
f 425 436 447
f 462 472 463
f 449 448 462
f 453 466 452
f 459 447 452
f 435 453 452
f 452 436 435
f 452 447 436
f 398 397 413
f 413 397 414
f 567 398 413
f 414 397 402
f 402 394 399
f 397 394 402
f 395 394 393
f 393 394 388
f 393 369 395
f 388 369 393
f 503 541 494
f 494 464 503
f 503 464 541
f 541 440 439
f 427 439 412
f 382 357 383
f 435 423 432
f 432 453 435
f 432 434 453
f 419 411 410
f 1302 1273 1296
f 1092 1094 1099
f 1101 1094 1046
f 1110 1106 1116
f 1119 1135 1134
f 1038 1112 1102
f 1102 1101 1038
f 1035 1112 1038
f 2010 1209 1194
f 1194 1209 1195
f 2010 1169 1147
f 1147 1135 2010
f 1134 1135 1147
f 1229 2010 1248
f 1229 1209 2010
f 1053 1050 1043
f 1043 1052 1053
f 1050 1040 1043
f 42 38 1388
f 1388 982 42
f 982 1391 42
f 626 571 970
f 970 969 626
f 1012 1007 1013
f 1025 1024 31
f 1031 1045 1044
f 1045 26 1044
f 25 24 1031
f 1031 1044 25
f 25 1044 26
f 25 34 24
f 26 34 25
f 1016 582 1014
f 1016 1015 582
f 2119 2121 2120
f 2120 1337 582
f 2120 581 2119
f 2120 582 581
f 2008 2121 2009
f 2008 2009 2010
f 1337 2120 2008
f 2008 2120 2121
f 2008 2010 1336
f 1336 1337 2008
f 1976 1965 1971
f 1009 1385 1008
f 1008 1385 980
f 1565 1537 1536
f 1576 1566 1569
f 1538 1540 1517
f 1439 1442 1432
f 1439 1438 1467
f 1452 1435 1462
f 1434 1435 1430
f 1442 1451 1434
f 1434 1451 1435
f 1678 1641 1684
f 1678 1676 1614
f 1614 1641 1678
f 1709 1739 1723
f 1709 1710 1739
f 1723 1704 1709
f 1665 1710 1709
f 1709 1704 1665
f 1778 1756 1757
f 1756 1734 1757
f 1465 1438 1441
f 1467 1438 1465
f 1465 1489 1467
f 1672 1673 1679
f 1679 1489 1672
f 1672 1465 1673
f 1489 1465 1672
f 1467 1489 1488
f 1664 1489 1679
f 1664 1679 1692
f 1692 1665 1664
f 1527 1488 1664
f 1664 1488 1489
f 1644 1643 1674
f 1691 1644 1674
f 1674 1704 1691
f 1674 1643 1527
f 1437 1436 1438
f 1422 1436 1437
f 1432 1422 1437
f 1437 1439 1432
f 1438 1439 1437
f 1446 1412 1447
f 1447 1448 1446
f 1446 17 1416
f 1446 1448 17
f 1416 1409 1411
f 1409 1412 1411
f 1411 1446 1416
f 1412 1446 1411
f 64 54 57
f 57 54 45
f 45 51 57
f 65 54 64
f 65 594 572
f 64 594 65
f 572 17 65
f 17 54 65
f 658 45 44
f 1441 1444 1656
f 1656 1465 1441
f 1673 1465 1656
f 1656 1444 1671
f 1656 1671 1686
f 1686 1673 1656
f 1445 1444 1427
f 1671 1444 1445
f 1427 1428 1445
f 575 1671 1445
f 1445 1428 575
f 1424 1426 1425
f 1425 1419 1424
f 1424 1419 1418
f 1418 1423 1424
f 1424 1423 1426
f 1706 1705 1727
f 1706 1710 1692
f 1692 1705 1706
f 1687 1705 1685
f 1679 1673 1685
f 1673 1687 1685
f 1692 1679 1685
f 1685 1705 1692
f 1744 1753 1746
f 1744 1736 1742
f 1703 1702 1721
f 1675 1671 575
f 575 1688 1675
f 1686 1671 1675
f 1675 1688 1686
f 1748 1733 1746
f 1747 1733 1748
f 1746 1753 1748
f 1753 1760 1748
f 1755 1747 1748
f 1748 1760 1755
f 1759 1767 1769
f 1759 1754 1767
f 1739 1754 1759
f 1762 1751 1752
f 1762 1771 1753
f 1773 1771 1762
f 1772 1766 1753
f 1753 1771 1772
f 1772 1771 1788
f 1768 1766 1772
f 1794 1805 1806
f 1815 1800 1806
f 1455 1456 1452
f 1472 1456 1455
f 1512 1501 1511
f 1501 1485 1511
f 1452 1477 1473
f 1473 1455 1452
f 1472 1455 1473
f 1496 1477 1494
f 1494 1477 1479
f 59 1450 1547
f 17 1450 59
f 1547 1554 59
f 59 1554 1659
f 59 1659 692
f 692 694 59
f 59 54 17
f 59 694 689
f 1582 1553 1546
f 1582 693 1553
f 1645 693 1582
f 1549 1521 1512
f 1549 1550 1521
f 1512 1511 1549
f 1624 1607 1625
f 2498 2015 2016
f 2016 2015 2073
f 2073 2017 2016
f 2016 2076 2498
f 2016 2017 2020
f 2020 2075 2016
f 2075 2076 2016
f 2092 2090 2032
f 2032 2090 2089
f 2336 2285 2319
f 2319 2347 2336
f 2398 2418 2408
f 2419 2418 2398
f 2455 2454 2419
f 2198 2204 2221
f 2323 2297 2308
f 2259 2308 2296
f 2296 2308 2297
f 2318 2436 2277
f 2277 2297 2318
f 2318 2297 2436
f 2355 2337 2332
f 2332 2337 2323
f 2323 2308 2332
f 2281 2436 2275
f 2275 2270 2281
f 2226 2193 2203
f 911 756 817
f 685 684 686
f 745 740 653
f 653 664 745
f 723 746 740
f 723 847 598
f 598 746 723
f 723 1367 847
f 774 659 665
f 777 805 804
f 804 805 818
f 672 666 668
f 777 666 672
f 668 670 672
f 670 805 672
f 672 805 777
f 1564 1568 1570
f 1564 1565 1536
f 1662 1621 1648
f 1621 1615 1648
f 1697 1662 1648
f 2104 2083 2085
f 2085 2083 2084
f 2106 2107 2104
f 2106 2103 2108
f 1338 1312 1322
f 1340 2433 1333
f 1312 1338 1333
f 2112 2106 2108
f 2110 2107 2112
f 2107 2106 2112
f 2118 2113 2116
f 2116 2113 2110
f 2110 2112 2116
f 2116 2112 2117
f 2341 2213 2304
f 2341 2103 2213
f 2013 2012 2010
f 2010 2011 2013
f 1329 1300 2013
f 1300 2012 2013
f 2013 1344 1329
f 2109 1344 2013
f 2013 2105 2109
f 2013 2011 2105
f 1362 1361 1363
f 2271 2279 2278
f 2276 2279 2271
f 2266 2271 2278
f 2232 2271 2266
f 2231 2232 2224
f 2212 2175 2184
f 2184 2175 2181
f 2181 2207 2184
f 2334 2407 2410
f 2407 2433 2410
f 2410 2368 2334
f 1339 1338 1322
f 1339 2433 1340
f 1340 1333 1339
f 1339 1333 1338
f 2320 2407 2334
f 2334 2253 2320
f 2320 2253 2254
f 2217 2248 2218
f 2260 2248 2272
f 2260 2207 2233
f 2233 2248 2260
f 2233 2207 2181
f 2181 2218 2233
f 2233 2218 2248
f 2250 2251 2247
f 2166 2161 2170
f 2181 2175 2170
f 2139 2157 2137
f 2137 2138 2139
f 2158 2157 2156
f 2157 2139 2156
f 2156 2139 2138
f 2127 2138 2128
f 2385 2378 1355
f 2304 2378 2385
f 2385 2341 2304
f 1346 1339 1322
f 2163 2161 2166
f 2158 2161 2163
f 2163 2157 2158
f 2162 2164 2149
f 2162 2163 2166
f 2137 2157 2162
f 2157 2163 2162
f 2316 2303 2238
f 2368 2303 2316
f 2334 2368 2316
f 2316 2253 2334
f 2238 2253 2316
f 2164 2168 2169
f 2192 2098 2169
f 2220 2168 2176
f 2238 2220 2176
f 2176 2179 2238
f 2166 2179 2176
f 646 636 638
f 647 646 638
f 638 640 647
f 640 638 639
f 642 643 639
f 639 644 640
f 643 644 639
f 637 641 639
f 639 641 642
f 2073 1990 1992
f 1992 1990 1998
f 1992 1998 1999
f 1999 1997 1992
f 1992 1997 2073
f 1996 1990 2073
f 2003 2002 1996
f 1996 2001 2003
f 2002 1998 1996
f 1998 1990 1996
f 1973 1981 2000
f 1973 1960 1964
f 1973 2000 1995
f 1995 1989 1973
f 1969 1981 1968
f 1968 1973 1964
f 1981 1973 1968
f 1964 1962 1968
f 1962 1967 1968
f 1966 1969 1968
f 1968 1967 1966
f 10 578 12
f 33 578 10
f 12 21 10
f 1365 607 602
f 610 611 602
f 602 611 1365
f 603 609 600
f 603 607 609
f 600 602 603
f 603 602 607
f 983 620 623
f 621 620 614
f 64 57 4
f 4 594 64
f 4 589 594
f 593 589 4
f 4 592 593
f 1383 1000 1384
f 585 589 584
f 589 592 584
f 584 592 586
f 586 602 584
f 584 600 585
f 584 602 600
f 1400 62 1395
f 53 46 48
f 53 51 46
f 50 47 642
f 642 641 50
f 52 62 50
f 50 637 52
f 50 641 637
f 16 1371 1376
f 16 15 1371
f 16 1402 1403
f 1403 15 16
f 610 13 2
f 13 15 2
f 2 1403 610
f 2 15 1403
f 1382 43 1404
f 1404 1402 1382
f 1368 1369 1382
f 38 26 27
f 27 28 38
f 26 28 27
f 1388 38 1405
f 1405 1386 1388
f 38 28 1405
f 1405 30 40
f 28 30 1405
f 1369 1386 1390
f 1390 1382 1369
f 1390 1405 40
f 1386 1405 1390
f 40 43 1390
f 43 1382 1390
f 964 997 996
f 964 975 997
f 996 994 964
f 965 1369 964
f 1369 975 964
f 964 994 626
f 626 965 964
f 1373 999 1370
f 999 1387 1370
f 1071 1066 1065
f 1065 1066 1059
f 1066 1063 1059
f 1064 1066 1072
f 1064 1063 1066
f 1064 1072 1062
f 162 107 153
f 146 107 162
f 162 206 146
f 102 103 101
f 69 71 101
f 101 71 74
f 74 73 101
f 101 75 102
f 101 73 75
f 146 206 199
f 287 29 1091
f 1091 293 287
f 39 33 22
f 22 29 39
f 22 18 19
f 22 21 18
f 22 10 21
f 33 10 22
f 29 22 1085
f 19 1079 1085
f 1085 22 19
f 238 237 153
f 153 29 238
f 238 29 237
f 2500 106 103
f 2500 29 106
f 2500 103 102
f 102 566 2500
f 566 29 2500
f 234 222 217
f 217 230 234
f 218 230 217
f 232 218 224
f 279 298 275
f 340 1324 486
f 255 234 230
f 266 234 255
f 255 275 266
f 95 97 99
f 99 98 95
f 111 98 99
f 154 183 150
f 97 109 100
f 84 89 86
f 83 82 84
f 84 86 83
f 135 176 134
f 134 176 151
f 134 89 91
f 134 151 88
f 88 89 134
f 134 131 135
f 91 131 134
f 328 355 327
f 169 175 174
f 174 173 169
f 368 367 360
f 367 358 360
f 360 369 368
f 360 366 369
f 294 275 298
f 294 276 266
f 266 275 294
f 266 276 265
f 265 234 266
f 222 234 265
f 386 384 370
f 370 384 353
f 306 370 307
f 524 508 518
f 524 548 546
f 524 518 531
f 524 546 542
f 542 508 524
f 498 465 507
f 507 465 508
f 542 498 507
f 507 508 542
f 349 351 375
f 351 376 375
f 375 377 349
f 375 376 377
f 249 262 349
f 545 541 543
f 377 443 543
f 543 546 545
f 542 546 543
f 543 443 442
f 543 442 445
f 446 542 543
f 543 445 446
f 172 253 251
f 155 141 156
f 155 180 154
f 156 181 155
f 181 180 155
f 156 141 140
f 119 100 115
f 115 109 114
f 115 100 109
f 124 155 154
f 141 155 124
f 119 115 124
f 208 190 189
f 190 188 189
f 185 166 152
f 145 116 117
f 117 152 145
f 145 152 166
f 68 107 146
f 146 149 68
f 68 67 107
f 159 148 161
f 187 188 156
f 79 78 69
f 69 80 79
f 79 80 78
f 2483 546 2488
f 2483 2462 546
f 2403 2396 546
f 2394 2396 2403
f 2403 546 2446
f 2446 2430 2403
f 2403 2438 2394
f 2403 2430 2438
f 2465 2477 2464
f 2464 2491 2472
f 2467 2477 2465
f 522 2491 2492
f 2492 2491 2477
f 531 496 538
f 538 496 522
f 522 2492 538
f 2468 2483 2488
f 2468 2467 2466
f 2477 2467 2468
f 2462 2483 2468
f 2356 2313 2329
f 191 181 190
f 191 180 181
f 191 190 208
f 182 180 191
f 191 205 182
f 191 208 209
f 209 205 191
f 242 259 209
f 209 221 242
f 263 259 242
f 493 496 511
f 511 510 493
f 511 496 531
f 531 510 511
f 1348 505 1345
f 1348 1357 505
f 2472 2491 2493
f 2244 2297 2277
f 2244 2296 2297
f 2259 2296 2244
f 476 478 477
f 488 514 515
f 515 514 536
f 515 536 535
f 535 517 515
f 556 1956 552
f 552 561 560
f 552 1956 561
f 560 565 552
f 532 533 552
f 552 533 556
f 558 1946 1945
f 1955 1946 558
f 535 1955 558
f 558 1953 535
f 563 1944 1949
f 1949 1956 563
f 557 1956 556
f 556 533 557
f 535 1953 557
f 512 525 491
f 491 525 523
f 523 514 491
f 514 492 491
f 491 478 474
f 488 478 491
f 491 492 488
f 1843 1878 1850
f 1884 1898 1899
f 1947 1932 1933
f 1933 1946 1947
f 1941 1932 1947
f 1947 1946 551
f 551 555 1947
f 1947 555 1941
f 1894 1895 1892
f 1892 1870 1894
f 1932 1919 1920
f 1921 1933 1920
f 1933 1932 1920
f 1889 1853 1852
f 1852 1853 1831
f 1765 1406 1719
f 1719 1764 1765
f 1765 1764 1406
f 1684 1690 1707
f 1707 1730 1719
f 1707 1690 1730
f 1730 1690 1700
f 1741 1730 1700
f 1700 1740 1741
f 1655 1701 1700
f 1700 1690 1655
f 1684 1641 1689
f 1689 1690 1684
f 1689 1641 1655
f 1655 1690 1689
f 2437 2454 2450
f 2418 2454 2437
f 2408 2418 2437
f 2437 2337 2364
f 2437 2436 2323
f 2323 2337 2437
f 1872 1770 1406
f 1406 1874 1872
f 1872 1874 1770
f 1797 1726 1873
f 1788 1790 1782
f 1782 1790 1768
f 1782 1772 1788
f 1768 1772 1782
f 1807 1795 1787
f 1795 1790 1787
f 1788 1807 1787
f 1787 1790 1788
f 1815 1844 1841
f 1841 1838 1815
f 1844 1855 1841
f 1839 1838 1841
f 1847 1830 1831
f 1844 1830 1847
f 1831 1853 1847
f 1865 1844 1847
f 1847 1853 1865
f 1825 1844 1815
f 1825 1830 1844
f 1815 1806 1825
f 1805 1830 1825
f 1825 1806 1805
f 1842 1829 1827
f 595 1842 1827
f 1827 1829 595
f 1834 1829 1842
f 1822 1829 1833
f 1803 1829 1822
f 1822 1833 1831
f 1831 1830 1822
f 1822 1830 1805
f 1822 1805 1799
f 1799 1803 1822
f 1807 1817 1814
f 1814 1813 1807
f 1826 1845 1846
f 1826 1846 544
f 544 1828 1826
f 1826 1828 1802
f 1813 1814 1826
f 1860 1862 1861
f 1866 1845 1861
f 1861 1845 1860
f 1861 1862 1877
f 1877 1869 1861
f 544 1866 1861
f 1861 1869 544
f 1654 1668 1638
f 1857 1836 1819
f 1819 1718 1717
f 1836 1718 1819
f 475 464 494
f 494 469 475
f 475 454 464
f 469 454 475
f 467 466 500
f 467 473 459
f 459 452 467
f 467 452 466
f 509 530 520
f 501 502 520
f 458 447 459
f 448 447 458
f 458 462 448
f 459 473 458
f 458 473 474
f 474 472 458
f 472 462 458
f 422 425 567
f 567 413 422
f 541 439 456
f 456 427 541
f 439 427 456
f 426 416 427
f 427 416 417
f 332 335 331
f 331 175 332
f 175 327 332
f 355 357 332
f 332 327 355
f 382 383 403
f 356 357 355
f 356 383 357
f 416 426 389
f 412 403 389
f 389 403 383
f 389 427 412
f 389 426 427
f 415 423 414
f 415 419 423
f 411 419 415
f 409 402 399
f 411 415 409
f 414 402 409
f 409 415 414
f 434 432 433
f 433 419 434
f 433 432 423
f 423 419 433
f 418 419 410
f 434 419 418
f 395 366 396
f 382 391 390
f 379 396 366
f 391 396 379
f 379 390 391
f 379 357 382
f 382 390 379
f 1248 1267 1263
f 1300 2118 1307
f 1268 1296 1273
f 1321 1322 1302
f 1302 1296 1321
f 1341 1342 1321
f 1321 1346 1322
f 1342 1346 1321
f 1274 1273 1302
f 1274 1283 1250
f 1115 1114 1124
f 1124 1114 1132
f 1178 1156 1166
f 1166 1154 1171
f 1098 1101 1102
f 1098 1106 1100
f 1098 1099 1094
f 1094 1101 1098
f 1092 1099 1098
f 1120 1116 1106
f 1106 1119 1120
f 1120 1119 1134
f 1109 1119 1106
f 1109 1098 1102
f 1106 1098 1109
f 1042 1101 1046
f 1042 1038 1101
f 1046 1048 1042
f 1037 1033 1035
f 1035 1038 1037
f 1038 1042 1037
f 1193 1169 2010
f 2010 1194 1193
f 1193 1194 1169
f 571 973 971
f 976 1369 969
f 1009 1012 1011
f 1011 1012 1018
f 31 1009 1011
f 1011 1018 31
f 37 26 38
f 38 42 37
f 37 42 1391
f 1014 1021 1020
f 1020 1016 1014
f 1015 1016 1017
f 1017 1012 1013
f 1018 1012 1017
f 1017 1016 1018
f 582 1015 1017
f 1013 581 1017
f 581 582 1017
f 1959 571 626
f 1959 1982 571
f 1985 1978 1959
f 1959 1979 1985
f 1984 1979 1959
f 1959 2004 1984
f 626 2005 1959
f 1959 2005 2004
f 1980 1976 1971
f 1971 1975 1980
f 1980 1975 1982
f 1982 1959 1980
f 1977 1978 1965
f 1965 1976 1977
f 1976 1980 1977
f 1007 1012 1010
f 1010 1005 1007
f 1010 1008 1005
f 1010 1012 1009
f 1009 1008 1010
f 1004 1008 980
f 1004 977 1002
f 1004 980 977
f 1002 1005 1004
f 1005 1008 1004
f 1622 1607 1586
f 1537 1565 1562
f 1538 1537 1562
f 1562 1540 1538
f 1563 1562 1575
f 1540 1562 1563
f 1577 1563 1575
f 1569 1563 1577
f 1540 1563 1541
f 1541 1563 1569
f 1538 1517 1516
f 1454 1462 1435
f 1435 1451 1454
f 1479 1477 1478
f 1432 1442 1433
f 1442 1434 1433
f 1433 1431 1432
f 1430 1431 1433
f 1433 1434 1430
f 1443 1451 1442
f 1442 1439 1443
f 1784 1783 1792
f 1792 1791 1802
f 1802 1784 1792
f 1769 1791 1792
f 1792 1783 1769
f 1665 1704 1653
f 1704 1674 1653
f 1653 1674 1527
f 1527 1664 1653
f 1653 1664 1665
f 45 54 49
f 49 44 45
f 54 59 49
f 49 683 674
f 689 684 49
f 49 59 689
f 1710 1706 1724
f 1745 1739 1724
f 1739 1710 1724
f 1702 1711 1720
f 1720 1721 1702
f 575 1722 1720
f 1720 1711 575
f 1736 1721 1720
f 1722 1735 1720
f 1735 1736 1720
f 1736 1744 1738
f 1738 1744 1746
f 1746 1733 1738
f 1738 1733 1727
f 1769 1783 1758
f 1758 1759 1769
f 1778 1757 1758
f 1758 1757 1734
f 1758 1734 1739
f 1739 1759 1758
f 1763 1752 1761
f 1763 1762 1752
f 1761 1773 1763
f 1773 1762 1763
f 1750 1762 1753
f 1751 1762 1750
f 1742 1751 1750
f 1753 1744 1750
f 1750 1744 1742
f 1794 1806 1796
f 1796 1806 1800
f 1796 1786 1794
f 1796 1800 1785
f 1785 1776 1796
f 1796 1776 1786
f 1510 1511 1485
f 1526 1511 1510
f 1612 1582 1603
f 1617 1610 1602
f 1548 1511 1526
f 1548 1549 1511
f 1550 1549 1548
f 1548 1566 1550
f 1624 1618 1604
f 1604 1577 1575
f 1601 1577 1604
f 1617 1602 1605
f 1605 1602 1601
f 1601 1604 1605
f 1605 1604 1618
f 1623 1607 1622
f 1623 1625 1607
f 1987 1989 1995
f 2015 1989 1987
f 1995 1994 1987
f 1988 2015 1960
f 1988 1989 2015
f 1960 1973 1988
f 1988 1973 1989
f 2198 2221 2236
f 2227 2268 2228
f 2228 2268 2285
f 2147 2149 2154
f 2167 2192 2097
f 2167 2098 2192
f 2167 2169 2098
f 2036 2032 2089
f 2089 2078 2036
f 2382 2398 2408
f 2408 2437 2382
f 2382 2437 2364
f 2382 2364 2355
f 1837 1836 1857
f 2384 2347 2348
f 2348 2393 2384
f 2393 2402 2384
f 1957 1907 2482
f 2482 2473 1957
f 1907 2495 2482
f 2457 2479 2463
f 2463 2479 2484
f 2484 2476 2463
f 2476 2455 2463
f 2219 2221 2204
f 2344 2393 2348
f 2343 2344 2324
f 2259 2284 2309
f 2309 2308 2259
f 2309 2332 2308
f 2275 2436 2307
f 2307 2299 2275
f 2436 2299 2307
f 2436 2281 2280
f 2280 2281 2270
f 2278 2436 2280
f 2280 2270 2278
f 2224 2232 2235
f 2232 2266 2235
f 2278 2270 2235
f 2235 2266 2278
f 2240 2193 2225
f 2225 2226 2240
f 2193 2226 2225
f 2275 2299 2256
f 2234 2270 2275
f 2234 2235 2270
f 2234 2226 2203
f 2154 2149 2155
f 2149 2167 2155
f 2155 2167 2057
f 2154 2155 2205
f 2205 2155 2057
f 1366 726 756
f 716 726 1366
f 1366 714 716
f 846 704 1366
f 704 714 1366
f 707 700 846
f 708 711 706
f 706 710 702
f 711 710 706
f 706 707 708
f 700 707 706
f 706 702 846
f 846 700 706
f 725 722 733
f 733 722 741
f 755 733 741
f 741 768 755
f 1631 1610 1617
f 1617 1605 1628
f 1628 1605 1618
f 680 679 677
f 677 684 680
f 684 685 680
f 1645 691 690
f 690 693 1645
f 690 685 686
f 692 693 690
f 690 686 692
f 767 782 792
f 716 714 737
f 931 911 817
f 703 717 718
f 719 717 1367
f 1367 723 719
f 776 768 763
f 777 785 776
f 763 745 769
f 769 774 763
f 769 745 664
f 664 659 769
f 659 774 769
f 675 805 670
f 818 805 675
f 670 679 675
f 679 818 675
f 682 680 685
f 682 690 691
f 685 690 682
f 679 680 681
f 680 682 681
f 784 785 777
f 777 804 784
f 1657 1642 1652
f 1545 1559 1532
f 1561 1559 1545
f 1532 1559 1551
f 1551 1559 1568
f 1581 1615 1592
f 1592 1568 1581
f 1570 1568 1592
f 1619 1652 1642
f 1619 1642 1622
f 1669 1717 1670
f 1717 1718 1670
f 1670 1718 1698
f 1650 1597 1638
f 1650 1668 1669
f 1638 1668 1650
f 1635 1648 1615
f 2096 2192 2100
f 2213 2103 2100
f 2102 2106 2104
f 2103 2106 2102
f 2096 2100 2102
f 2102 2100 2103
f 2092 2192 2091
f 2091 2192 2096
f 2084 2089 2091
f 2089 2090 2091
f 2091 2090 2092
f 1312 1333 1304
f 2117 2112 2115
f 1341 2117 2115
f 2108 2114 2115
f 2115 2112 2108
f 2195 2186 2187
f 2187 2186 2123
f 2123 2188 2187
f 2123 2186 2124
f 2124 2186 2182
f 2224 2222 2201
f 2201 2231 2224
f 2203 2182 2201
f 2201 2222 2203
f 2242 2277 2276
f 2242 2244 2277
f 2243 2271 2232
f 2232 2231 2243
f 2276 2271 2243
f 2243 2242 2276
f 2231 2229 2243
f 2247 2212 2206
f 2206 2184 2247
f 2212 2184 2206
f 2409 2410 2433
f 2409 2378 2368
f 2368 2410 2409
f 2254 2301 2302
f 2302 2320 2254
f 1352 1360 1361
f 1352 1328 1353
f 1353 1360 1352
f 2426 2383 2390
f 1351 1333 2433
f 1351 2433 2407
f 2481 1333 1351
f 1351 2460 2481
f 2481 2460 1343
f 2352 2302 2301
f 2390 2383 2352
f 2257 2250 2247
f 2251 2250 2311
f 2311 2310 2247
f 2247 2251 2311
f 2311 2301 2310
f 2342 2358 2311
f 2166 2170 2173
f 2173 2170 2175
f 2173 2202 2166
f 2175 2202 2173
f 2181 2170 2177
f 2177 2170 2161
f 2177 2218 2181
f 2217 2218 2177
f 2129 2127 2122
f 2123 2124 2122
f 2122 2127 2128
f 2122 2182 2129
f 2122 2124 2182
f 2431 2385 1355
f 2114 2385 2431
f 2431 1342 1341
f 1341 2115 2431
f 2431 2115 2114
f 1355 1346 2431
f 2431 1346 1342
f 2111 2385 2114
f 2341 2385 2111
f 2111 2114 2108
f 2108 2103 2111
f 2103 2341 2111
f 2433 1339 2434
f 1339 1346 2434
f 2434 1346 1355
f 2434 2409 2433
f 1355 2378 2434
f 2378 2409 2434
f 2137 2162 2144
f 2144 2134 2137
f 2192 2169 2101
f 2101 2169 2168
f 2101 2100 2192
f 2101 2168 2213
f 2213 2100 2101
f 2165 2168 2164
f 2165 2176 2168
f 2164 2162 2165
f 2165 2162 2166
f 2166 2176 2165
f 637 639 634
f 634 639 638
f 634 635 637
f 634 638 636
f 631 635 634
f 633 631 634
f 634 636 633
f 610 602 604
f 604 602 586
f 604 963 610
f 586 963 604
f 620 983 619
f 619 616 615
f 615 620 619
f 617 616 619
f 619 622 617
f 1375 983 623
f 58 57 51
f 58 4 57
f 1 592 5
f 5 4 1
f 592 4 5
f 9 1383 1396
f 1396 963 9
f 610 963 1396
f 8 610 1396
f 1396 1383 1384
f 1396 14 8
f 1384 14 1396
f 1381 1000 1380
f 1000 1383 1380
f 1380 9 1381
f 1380 1383 9
f 620 621 624
f 48 47 56
f 56 53 48
f 1368 1382 1379
f 1379 1376 998
f 1379 1382 1402
f 998 997 1379
f 997 1368 1379
f 1379 16 1376
f 1402 16 1379
f 969 1369 978
f 967 965 626
f 626 966 967
f 967 1369 965
f 967 966 1369
f 1392 1394 1373
f 1373 1370 1392
f 1392 1370 1387
f 1372 1373 1393
f 1373 1394 1393
f 1065 1069 1070
f 1070 1071 1065
f 1072 1066 1074
f 1066 1071 1074
f 19 1072 1074
f 1074 1071 1079
f 1054 1059 1063
f 1054 1052 1048
f 1063 1064 1054
f 1062 1052 1054
f 1054 1064 1062
f 206 162 207
f 207 162 153
f 207 237 235
f 153 237 207
f 103 107 104
f 104 101 103
f 107 67 105
f 105 104 107
f 101 104 105
f 69 101 105
f 105 67 69
f 235 293 236
f 236 207 235
f 206 207 236
f 146 199 164
f 223 199 206
f 206 236 223
f 223 236 250
f 1059 1057 1060
f 1060 1061 1065
f 1065 1059 1060
f 1048 1049 1056
f 1049 1057 1056
f 1056 1057 1059
f 1056 1054 1048
f 1059 1054 1056
f 1093 1049 1092
f 1093 1057 1049
f 1107 1114 1115
f 1107 1100 1110
f 1110 1114 1107
f 1069 1061 1068
f 1061 1105 1068
f 1104 1105 1061
f 216 218 217
f 226 232 224
f 226 224 214
f 214 227 226
f 227 267 226
f 316 298 279
f 316 325 298
f 279 278 316
f 505 1358 480
f 1358 482 480
f 480 482 352
f 268 267 274
f 268 226 267
f 1324 340 324
f 257 280 278
f 275 255 254
f 254 278 279
f 279 275 254
f 254 257 278
f 254 255 230
f 240 225 239
f 240 227 228
f 228 225 240
f 228 227 214
f 229 223 245
f 245 223 250
f 250 236 245
f 1090 1086 1162
f 1162 1086 1141
f 240 239 271
f 258 227 240
f 258 267 227
f 1141 1086 1140
f 1140 1086 1082
f 1140 1162 1141
f 1157 1162 1140
f 1140 1082 1123
f 288 268 274
f 289 274 277
f 289 288 274
f 127 150 129
f 129 128 127
f 127 128 126
f 171 252 172
f 170 183 184
f 170 150 183
f 184 171 170
f 129 150 170
f 170 172 129
f 170 171 172
f 112 100 119
f 111 99 112
f 112 99 97
f 97 100 112
f 91 89 90
f 89 84 90
f 95 98 85
f 85 84 82
f 85 90 84
f 85 94 95
f 82 94 85
f 85 98 91
f 91 90 85
f 126 128 130
f 132 173 135
f 135 131 132
f 132 131 111
f 111 130 132
f 335 366 359
f 366 360 359
f 334 335 359
f 359 333 334
f 358 333 359
f 359 360 358
f 298 325 326
f 326 480 352
f 325 480 326
f 263 242 264
f 363 370 306
f 353 351 314
f 351 307 314
f 314 370 353
f 314 307 370
f 297 351 313
f 297 307 351
f 283 265 276
f 2211 2193 2240
f 2217 2177 2216
f 2216 2177 2178
f 348 249 349
f 350 249 348
f 349 374 348
f 378 350 348
f 348 374 378
f 302 350 330
f 302 249 350
f 330 252 302
f 184 213 244
f 244 213 247
f 249 302 244
f 244 302 252
f 244 171 184
f 252 171 244
f 247 262 248
f 262 249 248
f 248 244 247
f 249 244 248
f 431 387 377
f 377 543 431
f 431 543 387
f 407 387 428
f 387 543 428
f 179 128 129
f 129 172 179
f 172 251 179
f 179 251 328
f 328 327 179
f 179 327 175
f 175 169 179
f 179 169 128
f 154 150 142
f 119 124 142
f 150 127 142
f 123 124 115
f 114 109 110
f 110 109 96
f 96 80 110
f 148 159 147
f 208 189 219
f 219 221 208
f 222 221 219
f 217 222 219
f 219 188 217
f 219 189 188
f 161 148 160
f 160 145 166
f 148 121 144
f 200 166 185
f 117 68 139
f 139 68 149
f 139 152 117
f 149 152 139
f 70 68 117
f 117 116 70
f 70 116 72
f 70 72 69
f 69 67 70
f 67 68 70
f 214 224 211
f 168 159 161
f 168 192 186
f 195 192 168
f 161 160 168
f 156 140 157
f 140 147 157
f 157 147 159
f 202 187 186
f 188 187 202
f 217 188 202
f 202 216 217
f 2339 2346 2350
f 2436 2396 2339
f 2374 2396 2394
f 2374 2339 2396
f 2346 2339 2374
f 2471 2470 2443
f 2472 2493 2471
f 2449 2464 2441
f 2477 2491 2480
f 2480 2464 2477
f 2491 2464 2480
f 2461 2438 2462
f 2462 2468 2461
f 2466 2438 2461
f 2461 2468 2466
f 2488 548 547
f 547 2468 2488
f 547 524 531
f 548 524 547
f 2313 2356 2312
f 2294 2257 2260
f 2260 2312 2294
f 2294 2312 2315
f 2295 2250 2294
f 2250 2257 2294
f 2466 2467 2439
f 2439 2438 2466
f 2439 2425 2438
f 2376 2356 2386
f 1347 1348 1345
f 1345 1330 1347
f 1330 1331 1347
f 1363 2470 2494
f 2470 2471 2494
f 2494 2471 2493
f 522 1358 1364
f 1358 1357 1364
f 1323 1324 1308
f 1324 324 1308
f 1291 1278 1288
f 504 517 516
f 517 533 516
f 483 477 499
f 488 499 487
f 499 477 487
f 487 478 488
f 487 477 478
f 513 499 488
f 488 515 513
f 517 499 513
f 513 515 517
f 1953 558 1948
f 1948 558 1945
f 1945 1931 1948
f 1931 1943 1948
f 1953 1948 562
f 562 1948 1943
f 562 557 1953
f 562 1943 1944
f 1944 563 562
f 562 563 1956
f 1956 557 562
f 535 557 534
f 534 557 533
f 534 517 535
f 534 533 517
f 490 491 474
f 512 491 490
f 474 473 490
f 1831 1833 1851
f 1851 1852 1831
f 1867 1850 1879
f 1879 1884 1867
f 1879 1850 1878
f 1879 1878 1896
f 1896 1898 1879
f 1898 1884 1879
f 1886 1899 1906
f 1886 1884 1899
f 1900 1903 1895
f 1895 1894 1900
f 1888 1903 1900
f 1900 1870 1888
f 1900 1894 1870
f 1712 1700 1701
f 1740 1700 1712
f 1712 1701 1691
f 1731 1740 1712
f 1712 1704 1713
f 1691 1704 1712
f 1712 1723 1731
f 1712 1713 1723
f 1818 1874 1821
f 1857 1858 1871
f 2475 2476 2484
f 2475 2455 2476
f 2450 2454 2475
f 2454 2455 2475
f 1929 1875 545
f 1929 1874 1875
f 2436 2437 1929
f 545 546 1929
f 1929 546 2436
f 1639 1626 1608
f 1639 1558 1614
f 1639 1608 1558
f 1627 1638 1606
f 1608 1626 1627
f 1627 1654 1638
f 1626 1654 1627
f 1854 1855 1860
f 1854 1841 1855
f 1854 1860 1839
f 1839 1841 1854
f 1848 1834 1842
f 1848 1851 1833
f 1833 1829 1848
f 1829 1834 1848
f 1848 1850 1867
f 1867 1851 1848
f 1802 1791 1811
f 1811 1826 1802
f 1813 1826 1811
f 1811 1791 1795
f 1795 1813 1811
f 1832 1814 1817
f 1832 1826 1814
f 1845 1826 1832
f 1839 1845 1832
f 1832 1838 1839
f 1832 1817 1838
f 1667 1654 1626
f 1668 1654 1699
f 1699 1715 1714
f 1714 1668 1699
f 1654 1667 1699
f 1699 1667 1682
f 1682 1774 1699
f 1699 1774 1715
f 1596 1595 1561
f 1597 1595 1596
f 1606 1597 1596
f 1596 1573 1606
f 1561 1573 1596
f 1560 1559 1561
f 1561 1595 1560
f 1560 1595 1581
f 1581 1568 1560
f 1568 1559 1560
f 1717 1716 1804
f 1804 1819 1717
f 1804 1716 1714
f 1714 1715 1804
f 455 469 461
f 455 454 469
f 461 457 455
f 455 457 434
f 437 440 441
f 521 502 509
f 509 520 521
f 521 520 502
f 537 530 549
f 537 520 530
f 549 527 537
f 424 422 413
f 414 423 424
f 424 413 414
f 425 422 424
f 424 423 435
f 435 436 424
f 424 436 425
f 438 417 407
f 541 427 444
f 444 417 541
f 427 417 444
f 420 403 412
f 412 439 420
f 420 440 437
f 420 439 440
f 329 355 328
f 329 356 355
f 328 251 329
f 329 251 253
f 416 389 373
f 373 417 416
f 400 399 395
f 400 409 399
f 395 396 400
f 410 411 400
f 411 409 400
f 405 391 382
f 382 403 405
f 434 418 429
f 429 455 434
f 454 455 429
f 365 366 335
f 365 379 366
f 1247 1229 1248
f 1248 1263 1247
f 1300 1307 1289
f 1289 1263 1267
f 1271 1263 1289
f 1320 1307 2118
f 2118 2116 1320
f 1320 2116 2117
f 1320 2117 1341
f 1302 1312 1303
f 1303 1274 1302
f 1283 1274 1303
f 1312 1304 1303
f 1298 1283 1303
f 1303 1304 1298
f 1250 1283 1259
f 1132 1154 1136
f 1136 1124 1132
f 1136 1139 1124
f 1155 1166 1156
f 1154 1166 1155
f 1155 1136 1154
f 1156 1139 1155
f 1139 1136 1155
f 1159 1194 1195
f 1169 1194 1159
f 1143 1154 1132
f 1148 1147 1169
f 1169 1159 1148
f 1134 1147 1148
f 1102 1112 1113
f 1113 1109 1102
f 1113 1112 1127
f 1037 1039 1036
f 1036 1032 1033
f 1033 1037 1036
f 1036 1040 1032
f 1036 1043 1040
f 1036 1039 1043
f 1052 1043 1047
f 1043 1039 1047
f 1048 1052 1047
f 972 970 571
f 571 971 972
f 969 970 972
f 972 976 969
f 1369 976 972
f 35 34 26
f 26 37 35
f 41 37 1391
f 1023 1020 1021
f 1031 1024 1023
f 1023 1027 1031
f 1026 1027 1023
f 1023 1021 1026
f 1024 1025 1019
f 1019 1023 1024
f 1020 1023 1019
f 1019 1025 31
f 31 1018 1019
f 1018 1016 1019
f 1016 1020 1019
f 1983 1980 1959
f 1983 1977 1980
f 1983 1959 1978
f 1978 1977 1983
f 1575 1562 1574
f 1574 1562 1565
f 1570 1592 1585
f 1585 1592 1593
f 1550 1566 1567
f 1576 1602 1589
f 1589 1602 1610
f 1588 1567 1589
f 1589 1566 1576
f 1589 1567 1566
f 1576 1569 1578
f 1569 1577 1578
f 1578 1577 1601
f 1578 1602 1576
f 1601 1602 1578
f 1525 1517 1540
f 1540 1541 1525
f 1525 1541 1526
f 1526 1510 1525
f 1463 1471 1479
f 1479 1478 1463
f 1463 1478 1477
f 1462 1454 1463
f 1463 1477 1452
f 1452 1462 1463
f 1471 1463 1464
f 1464 1454 1453
f 1464 1463 1454
f 1486 1494 1479
f 1468 1439 1467
f 1468 1443 1439
f 1467 1488 1468
f 1468 1488 1527
f 1614 1558 1583
f 1583 1641 1614
f 1683 1678 1684
f 1676 1678 1683
f 1684 1707 1683
f 1708 1726 1682
f 1719 1770 1725
f 1725 1695 1719
f 1770 1726 1725
f 1726 1708 1725
f 1725 1708 1695
f 687 684 683
f 683 49 687
f 687 49 684
f 671 663 661
f 671 661 658
f 674 669 671
f 669 663 671
f 658 44 671
f 44 49 671
f 1727 1733 1732
f 1745 1724 1732
f 1732 1747 1745
f 1732 1733 1747
f 1729 1706 1727
f 1729 1724 1706
f 1727 1732 1729
f 1729 1732 1724
f 1728 1721 1736
f 1736 1738 1728
f 1728 1738 1727
f 1728 1727 1703
f 1703 1721 1728
f 1777 1784 1778
f 1778 1758 1777
f 1777 1783 1784
f 1777 1758 1783
f 1509 1525 1510
f 1496 1517 1509
f 1517 1525 1509
f 1492 1473 1477
f 1492 1509 1510
f 1492 1477 1496
f 1496 1509 1492
f 1521 1550 1572
f 1546 1521 1572
f 1572 1582 1546
f 1572 1603 1582
f 1636 1637 854
f 1636 1611 1612
f 854 1611 1636
f 1612 1588 1613
f 1613 1636 1612
f 1637 1636 1613
f 1600 1582 1612
f 1612 1611 1600
f 1645 1582 1600
f 1600 854 1645
f 1600 1611 854
f 1566 1548 1542
f 1542 1569 1566
f 1542 1541 1569
f 1526 1541 1542
f 1542 1548 1526
f 1591 1607 1624
f 1624 1604 1591
f 1591 1604 1575
f 1591 1586 1607
f 2227 2189 2199
f 2198 2236 2199
f 2199 2236 2227
f 2227 2236 2258
f 2258 2268 2227
f 2263 2236 2221
f 2210 2228 2259
f 2259 2244 2210
f 2210 2244 2209
f 2197 2189 2227
f 2227 2228 2197
f 2228 2210 2197
f 2196 2189 2197
f 2285 2284 2264
f 2264 2228 2285
f 2264 2284 2259
f 2259 2228 2264
f 2196 2197 2194
f 2194 2209 2195
f 2194 2210 2209
f 2194 2197 2210
f 2195 2187 2194
f 2194 2187 2188
f 2128 2133 2126
f 2126 2133 2134
f 2126 2122 2128
f 2145 2131 2135
f 2135 2147 2145
f 934 949 933
f 953 949 934
f 2097 2092 2042
f 2042 2167 2097
f 2092 2032 2042
f 2149 2164 2051
f 2051 2167 2149
f 2164 2169 2051
f 2169 2167 2051
f 2027 2024 2029
f 2038 2078 2025
f 2038 2036 2078
f 2024 2027 2038
f 2354 2382 2355
f 1835 1718 1836
f 1836 1837 1835
f 1698 1718 1835
f 2497 1907 1957
f 2497 1837 1907
f 2497 1835 1837
f 2371 2344 2343
f 2398 2384 2401
f 2401 2384 2402
f 2419 2398 2401
f 2401 2402 2419
f 2484 2479 2485
f 2479 2495 2485
f 2485 2495 1881
f 1907 1837 1880
f 1880 2495 1907
f 1881 2495 1880
f 1857 1881 1880
f 1880 1837 1857
f 2478 2495 2479
f 2478 2482 2495
f 2478 2479 2457
f 2473 2482 2478
f 2474 2473 2451
f 1957 2473 2474
f 2453 2463 2455
f 2419 2402 2453
f 2453 2455 2419
f 2457 2463 2453
f 2367 2349 2330
f 2413 949 953
f 2423 957 960
f 2152 2219 2204
f 2191 2219 2152
f 2152 2204 2198
f 2221 2219 2237
f 2345 2348 2319
f 2345 2344 2348
f 2291 2324 2333
f 2333 2324 2344
f 2344 2345 2333
f 2319 2291 2333
f 2333 2345 2319
f 2331 2309 2284
f 2332 2309 2331
f 2331 2284 2285
f 2285 2336 2331
f 2336 2354 2331
f 2355 2332 2331
f 2331 2354 2355
f 2217 2215 2252
f 2267 2272 2248
f 2260 2272 2267
f 2267 2312 2260
f 2313 2312 2267
f 2306 2299 2436
f 2275 2256 2255
f 2255 2234 2275
f 2226 2234 2255
f 2240 2226 2255
f 2255 2256 2240
f 2223 2234 2203
f 2235 2234 2223
f 2224 2235 2223
f 2203 2222 2223
f 2223 2222 2224
f 2154 2205 2180
f 2245 2219 2180
f 2180 2219 2191
f 2367 2330 2321
f 2321 2330 2245
f 2269 2205 2057
f 703 718 712
f 712 718 722
f 705 704 846
f 846 702 705
f 702 710 705
f 721 711 708
f 748 733 755
f 755 770 748
f 763 768 762
f 762 741 763
f 768 741 762
f 722 718 738
f 1624 1625 1647
f 1622 1642 1640
f 1640 1623 1622
f 1625 1623 1640
f 1640 1647 1625
f 905 1647 1640
f 1634 1631 1617
f 1617 1628 1634
f 1646 1631 1634
f 1629 1618 1624
f 1629 1628 1618
f 1624 1647 1629
f 1646 849 857
f 1661 1632 857
f 857 1631 1646
f 857 1632 1631
f 853 872 861
f 861 851 853
f 899 893 823
f 823 893 892
f 763 774 775
f 775 776 763
f 777 776 775
f 775 666 777
f 665 666 775
f 775 774 665
f 771 776 785
f 768 776 771
f 785 786 771
f 771 786 770
f 755 768 771
f 771 770 755
f 841 691 1645
f 841 835 691
f 1645 854 841
f 834 682 691
f 691 835 834
f 835 841 834
f 1657 1652 1693
f 1651 1621 1662
f 1651 1693 1652
f 1652 1619 1651
f 953 945 956
f 956 945 957
f 935 945 924
f 2424 2445 2459
f 1544 1573 1561
f 1561 1545 1544
f 1544 1545 1532
f 1532 1551 1531
f 1539 1564 1536
f 1536 1530 1539
f 1530 1531 1539
f 1539 1531 1551
f 1568 1564 1552
f 1552 1551 1568
f 1564 1539 1552
f 1552 1539 1551
f 1616 1592 1615
f 1593 1592 1616
f 1616 1615 1621
f 1620 1619 1593
f 1620 1616 1621
f 1593 1616 1620
f 1621 1651 1620
f 1620 1651 1619
f 1599 1595 1597
f 1648 1635 1649
f 1669 1670 1649
f 1649 1650 1669
f 1635 1599 1649
f 1597 1650 1649
f 1649 1599 1597
f 2086 2085 2084
f 2084 2091 2086
f 1262 1270 1277
f 1326 1333 2481
f 1326 1301 1298
f 1298 1304 1326
f 1326 1304 1333
f 1349 1347 1350
f 1363 1349 1350
f 1350 1362 1363
f 1319 1331 1330
f 1330 1323 1319
f 1323 1313 1319
f 2231 2201 2200
f 2200 2229 2231
f 2182 2186 2200
f 2200 2201 2182
f 2200 2186 2195
f 2195 2229 2200
f 2230 2243 2229
f 2242 2243 2230
f 2230 2229 2195
f 2195 2209 2230
f 2209 2244 2230
f 2244 2242 2230
f 2388 2416 2399
f 2416 2443 2399
f 2391 2426 2390
f 1360 2426 2391
f 2365 2358 2342
f 2365 2399 2411
f 1360 2391 2428
f 2428 2391 2411
f 2320 2302 2353
f 2302 2352 2353
f 2353 2352 2383
f 2412 1351 2407
f 2460 1351 2412
f 2407 2320 2412
f 2383 2426 2412
f 2320 2353 2412
f 2412 2353 2383
f 1332 1343 1353
f 1332 1315 1314
f 1353 1328 1332
f 1328 1315 1332
f 1354 1343 2460
f 2460 2412 1354
f 1354 2412 2426
f 1353 1343 1354
f 1354 1360 1353
f 1354 2426 1360
f 2338 2352 2301
f 2301 2311 2338
f 2338 2311 2358
f 2390 2352 2338
f 2358 2365 2338
f 2338 2391 2390
f 2261 2207 2260
f 2260 2257 2261
f 2261 2257 2207
f 2208 2257 2247
f 2207 2257 2208
f 2247 2184 2208
f 2208 2184 2207
f 2325 2250 2295
f 2342 2311 2325
f 2295 2294 2325
f 2325 2294 2315
f 2160 2161 2158
f 2160 2177 2161
f 2178 2177 2160
f 2203 2193 2183
f 2183 2182 2203
f 2171 2127 2129
f 2171 2183 2172
f 2129 2182 2171
f 2182 2183 2171
f 2134 2144 2146
f 2147 2135 2146
f 2149 2147 2146
f 2146 2162 2149
f 2146 2144 2162
f 1993 1987 1994
f 2015 1987 1993
f 1993 1986 2015
f 1991 1996 2073
f 2073 2015 1991
f 2015 1986 1991
f 1994 2001 1991
f 2001 1996 1991
f 1991 1993 1994
f 1986 1993 1991
f 1374 619 983
f 983 1375 1374
f 1374 1375 1395
f 1395 66 1374
f 622 619 1374
f 1374 985 622
f 1374 66 986
f 986 985 1374
f 1378 1400 1395
f 1395 1375 1378
f 620 624 1378
f 1378 624 621
f 1378 1375 623
f 623 620 1378
f 63 58 51
f 47 50 55
f 55 56 47
f 55 50 62
f 62 56 55
f 1369 966 968
f 968 978 1369
f 969 978 968
f 626 969 968
f 968 966 626
f 1398 1392 1387
f 1079 1071 1078
f 1071 1070 1078
f 1080 1079 19
f 19 1074 1080
f 1080 1074 1079
f 286 236 300
f 300 236 293
f 165 164 199
f 185 152 165
f 199 223 198
f 185 165 198
f 198 165 199
f 198 200 185
f 1082 1086 1075
f 1069 1068 1075
f 1075 1068 1076
f 1123 1082 1075
f 404 29 1087
f 404 1091 29
f 1088 300 293
f 1088 1086 1090
f 1090 300 1088
f 293 1091 1089
f 1089 1088 293
f 1091 404 1089
f 1089 404 1084
f 1057 1093 1095
f 1095 1093 1096
f 1061 1060 1095
f 1095 1104 1061
f 1096 1104 1095
f 1092 1098 1097
f 1097 1093 1092
f 1097 1098 1100
f 1100 1093 1097
f 1100 1107 1103
f 1103 1107 1096
f 1103 1093 1100
f 1096 1093 1103
f 1111 1104 1096
f 304 316 278
f 340 316 304
f 304 324 340
f 303 324 304
f 304 280 303
f 278 280 304
f 354 340 486
f 354 486 505
f 505 480 354
f 354 316 340
f 325 316 354
f 354 480 325
f 226 268 243
f 256 232 243
f 232 226 243
f 280 257 269
f 269 257 256
f 256 243 269
f 269 243 268
f 231 254 230
f 230 218 231
f 218 232 231
f 231 232 256
f 256 257 231
f 257 254 231
f 241 239 229
f 229 245 241
f 272 271 241
f 241 271 239
f 286 300 309
f 1090 1162 309
f 309 300 1090
f 1168 1162 1157
f 317 1215 291
f 291 271 272
f 271 291 273
f 240 271 273
f 273 258 240
f 274 267 270
f 267 258 270
f 277 274 270
f 270 273 277
f 258 273 270
f 1142 1140 1123
f 1157 1140 1142
f 290 289 277
f 323 289 290
f 322 289 323
f 288 289 322
f 113 112 119
f 126 130 113
f 111 112 113
f 113 130 111
f 133 169 173
f 173 132 133
f 133 132 130
f 128 169 133
f 133 130 128
f 222 265 246
f 265 264 246
f 246 221 222
f 246 242 221
f 246 264 242
f 338 363 306
f 338 311 339
f 386 370 450
f 370 363 450
f 450 471 386
f 450 465 471
f 497 465 460
f 465 450 460
f 460 450 363
f 260 259 261
f 259 297 261
f 261 297 313
f 313 262 261
f 261 262 260
f 296 259 263
f 296 297 259
f 307 297 296
f 495 493 479
f 341 326 352
f 305 296 263
f 305 338 306
f 311 338 305
f 306 307 305
f 307 296 305
f 2241 2211 2240
f 2215 2211 2241
f 2241 2252 2215
f 407 428 540
f 540 428 543
f 540 438 407
f 540 543 541
f 541 417 540
f 417 438 540
f 143 124 154
f 154 142 143
f 143 142 124
f 119 142 125
f 125 142 127
f 125 113 119
f 125 127 126
f 126 113 125
f 122 123 115
f 122 147 140
f 122 140 141
f 122 121 148
f 148 147 122
f 141 124 122
f 124 123 122
f 118 144 121
f 116 145 118
f 215 204 196
f 214 204 215
f 215 228 214
f 225 228 215
f 196 160 197
f 197 160 166
f 166 200 197
f 225 215 210
f 210 215 196
f 196 197 210
f 210 197 200
f 224 218 203
f 203 211 224
f 192 211 203
f 195 168 194
f 196 204 194
f 194 192 195
f 194 211 192
f 194 204 214
f 214 211 194
f 193 160 196
f 193 168 160
f 196 194 193
f 193 194 168
f 167 157 159
f 167 168 186
f 159 168 167
f 186 192 201
f 201 202 186
f 192 203 201
f 201 203 218
f 218 216 201
f 216 202 201
f 2375 2374 2394
f 2394 2386 2375
f 2375 2386 2356
f 2375 2356 2329
f 2329 2346 2375
f 2346 2374 2375
f 2441 2464 2444
f 2444 2471 2443
f 2444 2464 2472
f 2472 2471 2444
f 2444 2443 2416
f 2416 2441 2444
f 2468 547 539
f 2477 2468 539
f 531 538 539
f 539 547 531
f 539 2492 2477
f 539 538 2492
f 2315 2312 2314
f 2376 2363 2314
f 2314 2363 2315
f 2377 2363 2376
f 2388 2363 2377
f 2435 2414 2425
f 2425 2439 2435
f 2425 2414 2387
f 2414 2377 2387
f 2376 2386 2387
f 2387 2377 2376
f 2395 2386 2394
f 2394 2438 2395
f 2438 2425 2395
f 2425 2387 2395
f 2395 2387 2386
f 1356 1349 1363
f 1356 1347 1349
f 1363 2494 1356
f 1357 1348 1356
f 1348 1347 1356
f 1356 2494 2493
f 553 2493 2491
f 553 2491 522
f 522 1364 553
f 1278 1291 1281
f 1313 1291 1310
f 1288 1317 1310
f 1310 1291 1288
f 504 516 564
f 564 499 504
f 564 552 565
f 532 552 564
f 564 533 532
f 564 516 533
f 564 483 499
f 565 605 564
f 477 483 564
f 564 606 567
f 605 606 564
f 476 477 564
f 567 425 564
f 564 425 430
f 430 448 564
f 564 448 449
f 463 476 564
f 449 462 564
f 564 462 463
f 473 467 489
f 489 490 473
f 489 467 500
f 489 500 512
f 512 490 489
f 1889 1852 1885
f 1904 1889 1885
f 1885 1905 1904
f 1906 1905 1885
f 1920 1905 1910
f 1910 1917 1921
f 1921 1920 1910
f 1910 1905 1906
f 1906 1899 1910
f 1899 1917 1910
f 1904 1905 1914
f 1914 1909 1904
f 1914 1920 1919
f 1914 1905 1920
f 1918 1909 1914
f 1914 1919 1918
f 1876 1871 1858
f 1876 1821 1874
f 1858 1821 1876
f 1874 1929 1876
f 1876 1929 2437
f 1876 2437 2450
f 2450 2475 1876
f 1863 1881 1857
f 1857 1871 1863
f 1863 1871 1881
f 1529 1528 1555
f 1681 1708 1682
f 1695 1708 1681
f 1726 1797 1737
f 1682 1726 1737
f 1737 1774 1682
f 1737 1797 1873
f 1849 1848 1842
f 1850 1848 1849
f 1849 1842 1843
f 1843 1850 1849
f 1819 1804 1820
f 1818 1821 1820
f 1857 1819 1820
f 1820 1858 1857
f 1820 1821 1858
f 519 537 527
f 520 537 519
f 519 527 500
f 519 500 501
f 501 520 519
f 347 253 330
f 347 329 253
f 356 329 347
f 330 350 372
f 372 347 330
f 373 347 372
f 372 350 378
f 372 378 407
f 407 417 372
f 417 373 372
f 391 405 406
f 406 418 410
f 406 405 418
f 401 396 391
f 401 400 396
f 391 406 401
f 410 400 401
f 401 406 410
f 451 429 437
f 454 429 451
f 437 441 451
f 464 454 451
f 440 464 451
f 451 441 440
f 403 420 421
f 421 420 437
f 437 429 421
f 335 332 362
f 362 365 335
f 362 332 357
f 357 379 362
f 379 365 362
f 1229 1247 1230
f 1230 1247 1263
f 1299 1267 1300
f 1300 1289 1299
f 1299 1289 1267
f 1306 1307 1271
f 1271 1289 1306
f 1306 1289 1307
f 1271 1307 1311
f 1307 1320 1311
f 1178 1166 1174
f 1198 1174 1197
f 1198 1197 1212
f 1284 1285 1277
f 1277 1270 1284
f 1298 1301 1284
f 1284 1301 1285
f 1284 1283 1298
f 1284 1259 1283
f 1182 1186 1180
f 1183 1179 1184
f 1237 1223 1218
f 1152 1148 1158
f 1158 1148 1159
f 1125 1143 1132
f 1110 1116 1125
f 1125 1114 1110
f 1132 1114 1125
f 1152 1143 1138
f 1138 1125 1116
f 1143 1125 1138
f 1137 1120 1134
f 1134 1148 1137
f 1116 1120 1137
f 1137 1138 1116
f 1127 1128 1122
f 1122 1113 1127
f 1135 1119 1122
f 1336 1135 1122
f 1122 1128 1336
f 1119 1109 1122
f 1109 1113 1122
f 1041 1047 1039
f 1041 1037 1042
f 1041 1039 1037
f 1041 1042 1048
f 1048 1047 1041
f 974 972 971
f 974 973 981
f 974 971 973
f 981 1386 974
f 974 1386 1369
f 36 35 37
f 37 41 36
f 34 35 36
f 32 1391 1389
f 32 41 1391
f 32 1389 31
f 24 34 32
f 34 36 32
f 32 36 41
f 31 23 32
f 32 23 24
f 1575 1574 1590
f 1590 1574 1586
f 1590 1591 1575
f 1586 1591 1590
f 1594 1585 1593
f 1586 1585 1594
f 1593 1619 1594
f 1622 1586 1594
f 1594 1619 1622
f 1586 1574 1571
f 1571 1585 1586
f 1570 1585 1571
f 1571 1574 1565
f 1571 1564 1570
f 1565 1564 1571
f 1451 1443 1459
f 1459 1464 1453
f 1453 1454 1459
f 1459 1454 1451
f 1518 1530 1536
f 1479 1471 1470
f 1471 1464 1470
f 1719 1695 1696
f 1696 1707 1719
f 1696 1683 1707
f 678 49 674
f 674 671 678
f 678 671 49
f 1473 1492 1484
f 1472 1473 1484
f 1484 1510 1485
f 1484 1492 1510
f 1480 1472 1484
f 1484 1485 1480
f 1587 1588 1612
f 1612 1603 1587
f 1603 1572 1587
f 1587 1567 1588
f 1550 1567 1587
f 1587 1572 1550
f 1588 1589 1609
f 1609 1613 1588
f 1609 1589 1610
f 2273 2258 2291
f 2268 2258 2273
f 2285 2268 2273
f 2319 2285 2273
f 2273 2291 2319
f 2236 2263 2274
f 2291 2258 2274
f 2274 2258 2236
f 2274 2324 2291
f 2324 2274 2290
f 2290 2274 2263
f 2196 2194 2153
f 2153 2194 2188
f 2153 2189 2196
f 2153 2141 2189
f 2153 2188 2123
f 2123 2122 2125
f 2122 2126 2125
f 2132 2126 2134
f 2132 2135 2131
f 2131 2125 2132
f 2132 2125 2126
f 924 945 946
f 946 945 953
f 953 934 946
f 2367 2456 948
f 933 949 948
f 948 2456 933
f 2025 2024 2037
f 2037 2038 2025
f 2024 2038 2037
f 2030 2038 2027
f 2030 2027 2029
f 2398 2382 2359
f 2382 2354 2359
f 2359 2384 2398
f 2347 2384 2359
f 2359 2336 2347
f 2359 2354 2336
f 940 936 930
f 930 938 940
f 1657 920 919
f 905 1640 919
f 919 1642 1657
f 919 1640 1642
f 940 938 941
f 1835 2497 1882
f 2393 2344 2392
f 2344 2371 2392
f 2392 2400 2393
f 2392 2371 2400
f 2400 2371 2404
f 2451 2400 2404
f 2452 2474 2451
f 2451 2404 2452
f 2452 2404 2427
f 2490 2474 2486
f 950 936 940
f 940 941 950
f 950 941 1890
f 2457 2453 2442
f 2442 2453 2402
f 2442 2400 2451
f 2442 2402 2393
f 2393 2400 2442
f 2451 2473 2442
f 2442 2478 2457
f 2473 2478 2442
f 2292 2219 2245
f 2245 2330 2292
f 2292 2330 2349
f 949 2413 2405
f 2367 948 2405
f 2405 948 949
f 2405 2349 2367
f 2405 2413 2349
f 957 2423 2422
f 2422 956 957
f 2145 2147 2148
f 2148 2131 2145
f 2148 2142 2131
f 2148 2147 2154
f 2154 2180 2148
f 2191 2152 2148
f 2148 2180 2191
f 2151 2148 2152
f 2151 2152 2198
f 2240 2256 2265
f 2265 2241 2240
f 2252 2241 2265
f 2283 2252 2265
f 2265 2256 2299
f 2299 2306 2265
f 2265 2306 2283
f 2262 2267 2248
f 2262 2252 2283
f 2262 2248 2217
f 2217 2252 2262
f 2327 2346 2329
f 2245 2180 2246
f 2246 2321 2245
f 2389 2456 2367
f 2367 2321 2389
f 2061 2269 2057
f 2362 2061 2062
f 2269 2061 2362
f 708 707 713
f 707 712 713
f 701 707 846
f 701 712 707
f 846 703 701
f 703 712 701
f 733 748 730
f 730 748 744
f 739 741 722
f 722 738 739
f 739 738 741
f 763 741 747
f 741 738 747
f 747 745 763
f 747 738 745
f 731 718 717
f 731 738 718
f 745 738 731
f 740 745 731
f 717 719 731
f 731 723 740
f 731 719 723
f 905 890 895
f 891 1647 895
f 895 1647 905
f 891 895 889
f 889 895 890
f 889 890 886
f 886 890 888
f 906 890 905
f 905 919 906
f 906 919 920
f 906 920 914
f 914 888 906
f 906 888 890
f 1637 1613 1633
f 1633 1632 1661
f 862 872 853
f 852 842 849
f 852 862 853
f 849 862 852
f 849 842 845
f 845 857 849
f 788 767 792
f 788 764 767
f 817 756 757
f 756 726 757
f 743 767 758
f 767 764 758
f 709 705 710
f 709 710 727
f 727 715 709
f 709 715 714
f 709 714 704
f 704 705 709
f 792 800 813
f 813 788 792
f 823 788 813
f 782 767 780
f 780 778 781
f 781 800 780
f 792 782 780
f 780 800 792
f 759 767 743
f 781 778 793
f 827 851 832
f 900 899 910
f 893 899 900
f 909 894 819
f 819 893 909
f 819 892 893
f 2072 2069 928
f 928 947 2072
f 928 2069 2071
f 2072 947 944
f 854 1637 850
f 850 841 854
f 688 681 682
f 682 834 688
f 840 834 841
f 824 804 818
f 785 784 802
f 802 784 804
f 804 824 802
f 802 824 807
f 806 802 807
f 744 748 761
f 761 748 770
f 770 786 761
f 786 787 761
f 937 920 1657
f 1657 1693 937
f 957 945 951
f 945 935 951
f 960 957 951
f 951 935 936
f 958 961 952
f 936 950 952
f 952 950 958
f 952 951 936
f 952 961 960
f 960 951 952
f 960 961 2469
f 961 2459 2469
f 2469 2459 2445
f 2469 2423 960
f 2445 2423 2469
f 1573 1544 1543
f 1543 1544 1529
f 1529 1555 1543
f 1524 1544 1532
f 1529 1544 1524
f 1581 1595 1598
f 1595 1599 1598
f 1598 1615 1581
f 1598 1635 1615
f 1598 1599 1635
f 1648 1649 1663
f 1663 1649 1670
f 1697 1648 1663
f 1663 1698 1697
f 1663 1670 1698
f 2085 2086 2087
f 2104 2085 2087
f 2087 2102 2104
f 2095 2091 2096
f 2095 2086 2091
f 2095 2087 2086
f 2096 2102 2095
f 2102 2087 2095
f 1253 1239 1252
f 1261 1257 1258
f 1261 1258 1237
f 1237 1218 1238
f 1238 1261 1237
f 1288 1278 1275
f 1275 1262 1277
f 1278 1261 1275
f 1275 1261 1262
f 2481 1343 1325
f 1325 1326 2481
f 1325 1332 1314
f 1343 1332 1325
f 1314 1301 1325
f 1301 1326 1325
f 1288 1275 1276
f 1276 1275 1277
f 1277 1285 1276
f 1285 1301 1276
f 1328 1317 1316
f 1316 1315 1328
f 1316 1317 1288
f 1335 1352 1361
f 1328 1352 1335
f 1361 1362 1335
f 1362 1350 1335
f 1334 1335 1350
f 1331 1319 1334
f 1334 1317 1328
f 1328 1335 1334
f 1334 1347 1331
f 1334 1350 1347
f 2372 2342 2388
f 2388 2399 2372
f 2372 2365 2342
f 2399 2365 2372
f 2443 2470 2447
f 2447 2399 2443
f 2391 2338 2366
f 2366 2338 2365
f 2411 2391 2366
f 2366 2365 2411
f 2305 2311 2250
f 2250 2325 2305
f 2305 2325 2311
f 2315 2363 2351
f 2351 2325 2315
f 2351 2363 2388
f 2388 2342 2351
f 2342 2325 2351
f 2158 2156 2159
f 2159 2160 2158
f 2193 2211 2190
f 2190 2211 2215
f 2190 2216 2178
f 2190 2215 2217
f 2217 2216 2190
f 2185 2183 2193
f 2172 2183 2185
f 2134 2146 2136
f 2136 2146 2135
f 2136 2132 2134
f 2135 2132 2136
f 51 53 61
f 61 63 51
f 53 56 61
f 1400 63 61
f 61 56 62
f 62 1400 61
f 4 58 1401
f 58 63 1401
f 1 4 1401
f 1401 1393 1
f 11 1393 1394
f 1394 1392 11
f 1392 1398 11
f 1 1393 11
f 1399 1387 1381
f 1399 1398 1387
f 1083 404 1087
f 1084 404 1083
f 1079 1078 1083
f 1083 1085 1079
f 1087 29 1083
f 29 1085 1083
f 164 165 163
f 163 149 146
f 146 164 163
f 163 152 149
f 163 165 152
f 212 223 229
f 212 198 223
f 200 198 212
f 1084 1083 1077
f 1077 1083 1078
f 1077 1078 1070
f 1077 1070 1069
f 1069 1075 1077
f 1084 1077 1081
f 1081 1077 1075
f 1081 1089 1084
f 1088 1089 1081
f 1081 1075 1086
f 1086 1088 1081
f 1058 1060 1057
f 1057 1095 1058
f 1058 1095 1060
f 1108 1111 1096
f 1108 1107 1115
f 1096 1107 1108
f 1121 1108 1115
f 1111 1108 1121
f 288 322 312
f 343 1308 324
f 343 324 303
f 303 312 343
f 343 312 1292
f 268 288 284
f 284 269 268
f 280 269 284
f 303 280 284
f 284 312 303
f 288 312 284
f 272 241 281
f 281 241 245
f 308 309 1162
f 1190 1215 317
f 292 291 1215
f 292 290 277
f 277 273 292
f 292 273 291
f 299 291 272
f 317 291 299
f 1237 1258 1251
f 1258 1257 1251
f 1251 1223 1237
f 481 493 497
f 497 460 481
f 481 479 493
f 346 341 342
f 342 479 346
f 479 481 346
f 470 479 342
f 342 341 470
f 470 341 352
f 495 479 470
f 352 482 470
f 470 482 495
f 326 341 315
f 315 294 298
f 298 326 315
f 282 305 263
f 311 305 282
f 263 264 282
f 283 311 282
f 282 264 265
f 265 283 282
f 114 110 120
f 110 118 120
f 120 115 114
f 120 122 115
f 121 122 120
f 120 118 121
f 138 118 145
f 144 118 138
f 145 160 138
f 138 160 148
f 148 144 138
f 108 118 110
f 108 80 72
f 108 110 80
f 72 116 108
f 116 118 108
f 220 210 200
f 220 212 229
f 200 212 220
f 229 239 220
f 220 239 225
f 225 210 220
f 157 167 158
f 158 187 156
f 156 157 158
f 186 187 158
f 158 167 186
f 2357 2312 2356
f 2357 2314 2312
f 2357 2356 2376
f 2376 2314 2357
f 2415 2416 2388
f 2388 2377 2415
f 2415 2441 2416
f 2415 2377 2414
f 2415 2449 2441
f 1359 1356 2493
f 2493 553 1359
f 1359 553 1364
f 1359 1364 1357
f 1357 1356 1359
f 1308 343 1290
f 1297 1281 1291
f 1297 1313 1323
f 1297 1291 1313
f 1323 1308 1297
f 1308 1290 1297
f 1886 1885 1868
f 1867 1884 1868
f 1884 1886 1868
f 1868 1885 1852
f 1868 1851 1867
f 1852 1851 1868
f 1887 1886 1906
f 1906 1885 1887
f 1887 1885 1886
f 1871 1876 2489
f 2489 1876 2475
f 2489 2475 2484
f 2484 2485 2489
f 1476 1490 1483
f 1534 1528 1507
f 1498 1533 1507
f 1491 1507 1506
f 1506 1507 1528
f 1557 1528 1534
f 1557 1555 1528
f 1557 1583 1558
f 1534 1583 1557
f 1666 1681 1682
f 1682 1667 1666
f 1666 1667 1626
f 1626 1639 1666
f 1639 1681 1666
f 1695 1681 1680
f 1680 1696 1695
f 1683 1696 1680
f 1676 1683 1680
f 1789 1737 1873
f 1789 1874 1809
f 1873 1874 1789
f 1774 1737 1789
f 1809 1808 1789
f 1789 1808 1715
f 1715 1774 1789
f 1818 1820 1810
f 1810 1820 1804
f 1810 1715 1818
f 1810 1804 1715
f 356 347 380
f 383 356 380
f 380 389 383
f 380 373 389
f 380 347 373
f 408 429 418
f 408 421 429
f 418 405 408
f 408 405 403
f 403 421 408
f 1209 1229 1210
f 1229 1230 1210
f 1195 1209 1210
f 1210 1196 1195
f 1271 1311 1294
f 1294 1311 1320
f 1264 1263 1271
f 1243 1242 1241
f 1243 1230 1263
f 1263 1264 1243
f 1271 1242 1243
f 1243 1264 1271
f 1178 1174 1192
f 1192 1174 1198
f 1173 1197 1174
f 1173 1166 1171
f 1173 1174 1166
f 1220 1212 1205
f 1205 1212 1197
f 1205 1196 1220
f 1205 1197 1196
f 1260 1284 1270
f 1260 1253 1252
f 1270 1253 1260
f 1252 1259 1260
f 1259 1284 1260
f 1160 1168 1157
f 1157 1142 1160
f 1142 1144 1160
f 1111 1121 1117
f 1105 1104 1117
f 1104 1111 1117
f 1182 1180 1164
f 1175 1160 1144
f 1177 1156 1178
f 1184 1179 1188
f 1156 1177 1165
f 1165 1177 1179
f 1239 1238 1226
f 1226 1238 1218
f 1153 1143 1152
f 1152 1158 1153
f 1153 1173 1171
f 1171 1154 1153
f 1154 1143 1153
f 1152 1138 1149
f 1138 1137 1149
f 1149 1148 1152
f 1149 1137 1148
f 1369 972 979
f 979 974 1369
f 972 974 979
f 1443 1468 1461
f 1530 1518 1508
f 1641 1583 1535
f 1535 1583 1534
f 1534 1507 1535
f 1535 1507 1533
f 1527 1643 1522
f 1498 1499 1522
f 1522 1533 1498
f 1522 1468 1527
f 1522 1499 1468
f 2141 2153 2130
f 2130 2125 2131
f 2130 2153 2123
f 2123 2125 2130
f 2131 2142 2130
f 2130 2142 2141
f 933 2456 943
f 943 916 933
f 2456 944 943
f 943 944 916
f 2022 2023 2031
f 2031 2021 2022
f 2031 2023 846
f 2029 2021 2031
f 2031 2030 2029
f 2052 2061 2057
f 2167 2042 2045
f 2057 2167 2045
f 2045 2052 2057
f 2035 2033 2032
f 2032 2036 2035
f 2036 2038 2035
f 938 930 929
f 914 920 929
f 929 927 914
f 929 930 927
f 1890 941 954
f 2486 2474 2458
f 2474 2452 2458
f 2458 2452 2427
f 2458 2459 2486
f 2458 2427 2424
f 2424 2459 2458
f 1957 2474 1908
f 2474 2490 1908
f 1908 1893 1882
f 1908 2497 1957
f 1908 1882 2497
f 2487 2490 2486
f 2487 961 958
f 2486 2459 2487
f 2487 2459 961
f 955 950 1890
f 2249 2237 2219
f 2349 2413 2417
f 2417 2413 953
f 953 956 2417
f 956 2422 2417
f 2406 2423 2445
f 2406 2445 2424
f 2424 2380 2406
f 2141 2142 2143
f 2142 2148 2143
f 2324 2290 2286
f 2286 2263 2221
f 2286 2290 2263
f 2324 2361 2370
f 2343 2324 2370
f 2370 2371 2343
f 2380 2361 2360
f 2298 2327 2267
f 2298 2262 2283
f 2267 2262 2298
f 2313 2267 2328
f 2267 2327 2328
f 2329 2313 2328
f 2328 2327 2329
f 2070 2362 2062
f 2062 2421 2070
f 2070 2069 2072
f 2070 2421 2069
f 2373 2070 2072
f 2362 2070 2373
f 720 713 712
f 722 725 720
f 720 712 722
f 708 713 720
f 720 721 708
f 720 730 721
f 720 725 733
f 733 730 720
f 724 730 744
f 721 730 724
f 744 732 724
f 724 732 721
f 711 721 729
f 721 732 729
f 729 710 711
f 729 728 710
f 936 935 922
f 876 889 886
f 876 861 872
f 876 872 891
f 891 889 876
f 914 927 904
f 904 888 914
f 1632 1633 1630
f 1630 1609 1610
f 1613 1609 1630
f 1630 1633 1613
f 1610 1631 1630
f 1631 1632 1630
f 1646 1634 863
f 863 849 1646
f 863 862 849
f 863 1634 1628
f 891 872 1658
f 1658 1647 891
f 1658 1629 1647
f 838 845 836
f 836 845 842
f 836 833 831
f 842 833 836
f 753 758 764
f 743 758 753
f 879 899 823
f 823 813 879
f 801 827 832
f 851 861 856
f 832 851 856
f 823 892 820
f 892 819 820
f 765 819 894
f 765 753 764
f 907 928 2071
f 2071 931 907
f 907 894 909
f 909 928 907
f 907 931 817
f 926 944 947
f 909 893 926
f 926 928 909
f 947 928 926
f 910 916 912
f 916 944 912
f 912 900 910
f 893 900 912
f 912 926 893
f 944 926 912
f 681 688 826
f 826 688 834
f 826 834 830
f 830 824 826
f 826 824 818
f 826 818 679
f 679 681 826
f 1660 840 841
f 841 850 1660
f 1660 850 1637
f 1660 1633 1661
f 1637 1633 1660
f 829 824 830
f 807 824 829
f 839 1660 1661
f 840 1660 839
f 834 840 839
f 830 834 839
f 839 829 830
f 837 829 839
f 831 833 815
f 802 806 795
f 795 786 785
f 785 802 795
f 795 787 786
f 796 787 795
f 795 806 796
f 749 732 744
f 1606 1573 1579
f 1573 1543 1579
f 1556 1543 1555
f 1556 1557 1558
f 1555 1557 1556
f 1558 1608 1556
f 1266 1261 1278
f 1257 1261 1266
f 1266 1279 1257
f 1278 1281 1266
f 1281 1279 1266
f 1262 1261 1255
f 1261 1238 1255
f 1270 1262 1255
f 1255 1253 1270
f 1239 1253 1255
f 1255 1238 1239
f 1314 1315 1309
f 1288 1276 1309
f 1309 1316 1288
f 1315 1316 1309
f 1317 1334 1318
f 1318 1334 1319
f 1318 1319 1313
f 1313 1310 1318
f 1318 1310 1317
f 2411 2399 2420
f 2399 2447 2420
f 2411 2420 2448
f 2448 2420 2447
f 1363 1361 2448
f 2448 2470 1363
f 2448 2447 2470
f 2140 2159 2156
f 2172 2159 2140
f 2140 2156 2138
f 2140 2171 2172
f 2138 2127 2140
f 2127 2171 2140
f 2160 2159 2174
f 2178 2160 2174
f 2174 2159 2172
f 2174 2190 2178
f 2172 2185 2174
f 2193 2190 2174
f 2174 2185 2193
f 1372 1393 1377
f 1393 1401 1377
f 1377 1401 63
f 613 1372 1377
f 1377 614 613
f 1400 1378 1377
f 1377 63 1400
f 1377 621 614
f 1377 1378 621
f 1 11 3
f 3 963 1
f 9 963 1397
f 963 1399 1397
f 1381 9 1397
f 1397 1399 1381
f 286 309 285
f 285 281 245
f 309 308 285
f 285 308 281
f 285 236 286
f 285 245 236
f 1162 1168 320
f 1181 1180 1186
f 1181 1190 1189
f 1189 1175 1181
f 295 299 272
f 272 281 295
f 281 308 295
f 1282 312 322
f 322 1269 1282
f 1292 312 1282
f 1286 1292 1282
f 1257 1279 1256
f 1244 1251 1256
f 1256 1251 1257
f 339 346 364
f 364 338 339
f 363 338 364
f 364 460 363
f 364 481 460
f 364 346 481
f 310 315 341
f 310 311 283
f 339 311 310
f 310 346 339
f 341 346 310
f 2414 2435 2440
f 2440 2415 2414
f 2449 2415 2440
f 2465 2464 2440
f 2464 2449 2440
f 2440 2467 2465
f 2440 2439 2467
f 2440 2435 2439
f 344 343 1292
f 344 1290 343
f 344 1292 1286
f 1286 1290 344
f 1287 1279 1281
f 1281 1297 1287
f 1287 1297 1290
f 1287 1290 1286
f 1286 1279 1287
f 1881 1871 2496
f 1871 2489 2496
f 2496 2485 1881
f 2496 2489 2485
f 1481 1470 1476
f 1476 1483 1481
f 1479 1470 1481
f 1481 1486 1479
f 1481 1483 1486
f 1677 1681 1639
f 1677 1680 1681
f 1676 1680 1677
f 1614 1676 1677
f 1677 1639 1614
f 1232 1243 1241
f 1272 1242 1271
f 1271 1294 1272
f 1268 1242 1272
f 1272 1294 1268
f 1296 1268 1295
f 1268 1294 1295
f 1295 1321 1296
f 1204 1188 1203
f 1199 1192 1198
f 1221 1203 1199
f 1199 1203 1192
f 1254 1242 1268
f 1233 1232 1241
f 1220 1232 1233
f 1233 1212 1220
f 1221 1199 1227
f 1212 1233 1227
f 1227 1233 1235
f 1246 1259 1252
f 1252 1234 1246
f 1250 1259 1246
f 1130 1142 1123
f 1130 1144 1142
f 1145 1144 1126
f 1126 1133 1145
f 1126 1117 1121
f 1121 1133 1126
f 1170 1165 1179
f 1182 1164 1170
f 1170 1183 1182
f 1179 1183 1170
f 1163 1164 1180
f 1184 1188 1207
f 1207 1188 1204
f 1204 1226 1207
f 1207 1226 1218
f 1179 1177 1187
f 1187 1188 1179
f 1187 1203 1188
f 1184 1207 1206
f 1206 1207 1218
f 1206 1183 1184
f 1206 1208 1183
f 1206 1218 1223
f 1223 1208 1206
f 1217 1208 1223
f 1217 1251 1244
f 1223 1251 1217
f 1244 1225 1217
f 1183 1208 1200
f 1200 1186 1182
f 1182 1183 1200
f 1240 1234 1252
f 1240 1226 1234
f 1252 1239 1240
f 1239 1226 1240
f 1197 1173 1172
f 1173 1153 1172
f 1196 1197 1172
f 1460 1459 1443
f 1443 1461 1460
f 1482 1507 1491
f 1498 1507 1482
f 1494 1486 1495
f 1655 1641 1584
f 1641 1535 1584
f 1584 1535 1533
f 1584 1644 1655
f 1533 1522 1584
f 1584 1643 1644
f 1584 1522 1643
f 885 903 902
f 2071 2069 2067
f 2062 2061 2053
f 2061 2052 2053
f 846 1366 2056
f 2056 2031 846
f 756 911 2056
f 2056 1366 756
f 2032 2033 2034
f 2052 2045 2049
f 2049 2053 2052
f 939 941 938
f 939 937 1693
f 920 937 939
f 938 929 939
f 939 929 920
f 1694 1651 1662
f 1693 1651 1694
f 1694 939 1693
f 1697 1698 1824
f 1698 1835 1824
f 962 1908 2490
f 1893 1908 962
f 1890 1893 962
f 962 955 1890
f 958 950 959
f 950 955 959
f 959 2487 958
f 2490 2487 959
f 959 962 2490
f 955 962 959
f 2148 2151 2150
f 2150 2143 2148
f 2141 2143 2150
f 2189 2141 2150
f 2150 2199 2189
f 2198 2199 2150
f 2150 2151 2198
f 2317 2361 2324
f 2324 2286 2317
f 2397 2404 2371
f 2371 2370 2397
f 2424 2427 2397
f 2427 2404 2397
f 2397 2370 2361
f 2340 2360 2335
f 2335 2360 2361
f 2361 2317 2335
f 2379 2422 2423
f 2423 2406 2379
f 2379 2406 2380
f 2380 2360 2379
f 2379 2360 2340
f 2327 2298 2326
f 2346 2327 2326
f 2283 2306 2326
f 2326 2298 2283
f 2350 2346 2326
f 2326 2339 2350
f 2436 2339 2326
f 2326 2306 2436
f 2322 2389 2321
f 2322 2373 2389
f 2432 944 2456
f 2456 2389 2432
f 2389 2373 2432
f 2072 944 2432
f 2432 2373 2072
f 927 930 923
f 923 930 936
f 936 922 923
f 925 935 924
f 925 922 935
f 861 876 869
f 869 856 861
f 897 922 896
f 862 863 875
f 872 862 875
f 875 1658 872
f 875 863 1628
f 1628 1629 875
f 1629 1658 875
f 851 827 843
f 827 833 843
f 853 851 843
f 843 852 853
f 842 852 843
f 843 833 842
f 796 806 814
f 814 815 796
f 743 753 736
f 727 743 736
f 736 715 727
f 736 753 737
f 736 737 714
f 714 715 736
f 910 899 898
f 781 793 797
f 797 811 781
f 810 800 781
f 781 811 810
f 810 811 859
f 803 832 809
f 803 801 832
f 870 883 871
f 871 885 874
f 883 885 871
f 860 869 870
f 856 869 860
f 799 788 823
f 823 820 799
f 764 788 799
f 799 820 819
f 816 765 894
f 816 907 817
f 894 907 816
f 817 757 816
f 757 765 816
f 737 753 751
f 753 765 751
f 751 726 716
f 716 737 751
f 751 757 726
f 751 765 757
f 825 806 807
f 825 814 806
f 825 836 831
f 831 815 825
f 815 814 825
f 828 837 838
f 828 829 837
f 838 836 828
f 836 825 828
f 807 829 828
f 828 825 807
f 844 839 1661
f 837 839 844
f 1661 857 844
f 857 845 844
f 844 845 838
f 838 837 844
f 812 833 827
f 812 815 833
f 827 801 812
f 796 815 812
f 778 780 766
f 1580 1556 1608
f 1543 1556 1580
f 1580 1579 1543
f 1606 1579 1580
f 1580 1627 1606
f 1608 1627 1580
f 1529 1524 1503
f 1503 1528 1529
f 1523 1503 1524
f 1504 1503 1523
f 1523 1524 1532
f 1530 1508 1519
f 1519 1531 1530
f 1532 1531 1519
f 1519 1523 1532
f 1314 1309 1305
f 1305 1309 1276
f 1305 1301 1314
f 1305 1276 1301
f 2429 2428 2411
f 2411 2448 2429
f 1360 2428 2429
f 1361 1360 2429
f 2429 2448 1361
f 963 3 7
f 7 1399 963
f 1398 1399 7
f 7 11 1398
f 7 3 11
f 1150 1133 1129
f 1115 1124 1129
f 1124 1139 1129
f 1129 1121 1115
f 1129 1133 1121
f 1185 308 1162
f 1162 320 1185
f 1185 320 308
f 1176 320 1168
f 1176 1175 1189
f 1168 1160 1176
f 1160 1175 1176
f 1189 1190 321
f 321 1176 1189
f 320 1176 321
f 321 1190 317
f 317 299 319
f 319 321 317
f 320 321 319
f 299 295 319
f 308 320 319
f 319 295 308
f 1215 1190 1213
f 318 292 1215
f 290 292 318
f 1215 1213 318
f 318 1213 1214
f 1269 1256 1280
f 1286 1282 1280
f 1280 1282 1269
f 1280 1279 1286
f 1280 1256 1279
f 1244 1256 1245
f 1245 1256 1269
f 1245 1225 1244
f 1245 322 323
f 1245 1269 322
f 294 315 301
f 315 310 301
f 276 294 301
f 301 283 276
f 301 310 283
f 1196 1210 1219
f 1220 1196 1219
f 1219 1232 1220
f 1327 1294 1320
f 1327 1295 1294
f 1327 1320 1341
f 1341 1321 1327
f 1321 1295 1327
f 1221 1234 1222
f 1222 1203 1221
f 1204 1203 1222
f 1222 1226 1204
f 1234 1226 1222
f 1235 1254 1249
f 1250 1246 1249
f 1273 1274 1249
f 1249 1274 1250
f 1249 1268 1273
f 1249 1254 1268
f 1236 1254 1235
f 1235 1233 1236
f 1242 1254 1236
f 1241 1242 1236
f 1236 1233 1241
f 1212 1227 1211
f 1211 1227 1199
f 1198 1212 1211
f 1211 1199 1198
f 1221 1227 1228
f 1228 1234 1221
f 1228 1246 1234
f 1228 1249 1246
f 1228 1227 1235
f 1235 1249 1228
f 1118 1130 1123
f 1117 1130 1118
f 1105 1117 1118
f 1123 1075 1118
f 1118 1075 1076
f 1076 1068 1118
f 1118 1068 1105
f 1144 1130 1131
f 1131 1126 1144
f 1131 1130 1117
f 1117 1126 1131
f 1151 1164 1150
f 1151 1170 1164
f 1151 1129 1139
f 1150 1129 1151
f 1165 1170 1151
f 1151 1139 1156
f 1156 1165 1151
f 1161 1163 1180
f 1180 1181 1161
f 1161 1181 1175
f 1161 1144 1145
f 1161 1175 1144
f 1150 1164 1146
f 1164 1163 1146
f 1145 1133 1146
f 1146 1133 1150
f 1146 1161 1145
f 1163 1161 1146
f 1192 1203 1191
f 1203 1187 1191
f 1178 1192 1191
f 1191 1177 1178
f 1191 1187 1177
f 1225 1214 1216
f 1214 1200 1216
f 1216 1217 1225
f 1208 1217 1216
f 1216 1200 1208
f 1196 1172 1167
f 1167 1172 1153
f 1167 1153 1158
f 1195 1196 1167
f 1167 1159 1195
f 1167 1158 1159
f 1498 1482 1469
f 1469 1461 1468
f 1468 1499 1469
f 1469 1499 1498
f 1513 1508 1518
f 1513 1495 1508
f 1496 1494 1513
f 1494 1495 1513
f 918 934 933
f 924 946 918
f 918 946 934
f 884 883 896
f 896 885 884
f 884 885 883
f 2069 2421 2063
f 2063 2067 2069
f 2063 2421 2062
f 911 931 2068
f 2038 2030 2046
f 2046 2047 2038
f 2030 2047 2046
f 2039 2035 2038
f 2038 2047 2039
f 2059 2047 2058
f 2058 2056 2059
f 2047 2056 2058
f 2028 2047 2030
f 2028 2056 2047
f 2030 2031 2028
f 2031 2056 2028
f 2041 2049 2045
f 2041 2045 2042
f 2041 2034 2033
f 2033 2049 2041
f 2041 2042 2032
f 2032 2034 2041
f 1840 954 941
f 941 939 1840
f 1840 1694 954
f 939 1694 1840
f 954 1824 1859
f 1882 1893 1859
f 1890 954 1859
f 1859 1893 1890
f 954 1694 1823
f 1823 1824 954
f 1823 1694 1662
f 1823 1662 1697
f 1697 1824 1823
f 2288 2286 2221
f 2221 2237 2288
f 2237 2289 2288
f 2349 2340 2293
f 2340 2289 2293
f 2293 2292 2349
f 2219 2292 2293
f 2293 2249 2219
f 2237 2249 2293
f 2293 2289 2237
f 2381 2361 2380
f 2381 2397 2361
f 2381 2380 2424
f 2424 2397 2381
f 2287 2317 2286
f 2287 2335 2317
f 2340 2335 2287
f 2286 2288 2287
f 2287 2289 2340
f 2287 2288 2289
f 2369 2417 2422
f 2422 2379 2369
f 2349 2417 2369
f 2369 2340 2349
f 2369 2379 2340
f 2239 2180 2205
f 2239 2246 2180
f 2321 2246 2239
f 2239 2322 2321
f 2362 2373 2300
f 2373 2322 2300
f 2269 2362 2300
f 2205 2269 2300
f 2300 2239 2205
f 2322 2239 2300
f 896 922 913
f 922 925 913
f 877 876 886
f 877 869 876
f 870 869 877
f 922 897 921
f 921 897 904
f 921 923 922
f 921 904 927
f 927 923 921
f 887 897 896
f 896 883 887
f 904 897 887
f 886 888 887
f 888 904 887
f 910 898 901
f 901 916 910
f 811 797 808
f 808 797 793
f 856 860 855
f 809 832 855
f 832 856 855
f 855 858 809
f 855 860 858
f 858 860 866
f 870 871 866
f 866 860 870
f 764 799 798
f 798 799 819
f 798 765 764
f 819 765 798
f 728 729 734
f 727 710 734
f 710 728 734
f 754 766 780
f 754 780 767
f 767 759 754
f 754 750 766
f 754 759 743
f 779 793 778
f 1505 1506 1528
f 1528 1503 1505
f 1505 1503 1504
f 1505 1490 1491
f 1491 1506 1505
f 1500 1519 1508
f 1523 1519 1500
f 1214 1213 1202
f 1190 1181 1202
f 1202 1213 1190
f 1224 318 1214
f 1224 1214 1225
f 323 290 1224
f 290 318 1224
f 1224 1245 323
f 1225 1245 1224
f 1232 1219 1231
f 1230 1243 1231
f 1243 1232 1231
f 1231 1210 1230
f 1231 1219 1210
f 1474 1460 1461
f 1461 1469 1474
f 1459 1460 1474
f 1464 1459 1474
f 1474 1470 1464
f 1476 1470 1474
f 1474 1490 1476
f 1515 1513 1518
f 1515 1518 1536
f 1515 1516 1517
f 1536 1538 1515
f 1538 1516 1515
f 902 903 917
f 917 901 902
f 918 901 917
f 917 903 924
f 924 918 917
f 2067 2063 2064
f 2071 2067 2066
f 2066 931 2071
f 2066 2068 931
f 2067 2064 2066
f 2066 2064 2059
f 2059 2056 2065
f 2065 2066 2059
f 2068 2066 2065
f 2059 2064 2054
f 1882 1859 1856
f 1856 1859 1824
f 1835 1882 1856
f 1856 1824 1835
f 908 913 925
f 903 885 908
f 908 885 896
f 896 913 908
f 924 903 908
f 908 925 924
f 880 883 870
f 880 887 883
f 870 877 880
f 880 877 886
f 886 887 880
f 915 918 933
f 915 901 918
f 933 916 915
f 916 901 915
f 874 885 882
f 882 885 902
f 809 858 821
f 821 808 809
f 821 858 859
f 859 811 821
f 811 808 821
f 859 858 867
f 858 866 867
f 867 871 874
f 867 866 871
f 742 729 732
f 742 734 729
f 742 750 734
f 766 750 752
f 750 742 752
f 732 749 752
f 752 742 732
f 735 754 743
f 735 743 727
f 727 734 735
f 734 750 735
f 750 754 735
f 744 761 760
f 760 749 744
f 760 752 749
f 789 773 790
f 1508 1495 1493
f 1493 1500 1508
f 1493 1495 1486
f 1483 1500 1493
f 1486 1483 1493
f 1504 1523 1502
f 1523 1500 1502
f 1490 1505 1502
f 1502 1505 1504
f 1502 1483 1490
f 1502 1500 1483
f 1214 1202 1201
f 1186 1200 1201
f 1201 1200 1214
f 1201 1181 1186
f 1201 1202 1181
f 1475 1469 1482
f 1475 1474 1469
f 1475 1482 1491
f 1491 1490 1475
f 1490 1474 1475
f 1514 1515 1517
f 1513 1515 1514
f 1514 1517 1496
f 1496 1513 1514
f 942 2065 2056
f 2068 2065 942
f 942 2056 911
f 911 2068 942
f 2053 2049 2050
f 2055 2064 2063
f 2055 2054 2064
f 2048 2039 2047
f 2048 2047 2059
f 2059 2054 2048
f 2048 2043 2039
f 2054 2043 2048
f 874 882 881
f 902 901 881
f 881 882 902
f 859 865 864
f 800 810 864
f 864 810 859
f 878 879 813
f 865 881 878
f 899 879 878
f 878 898 899
f 878 901 898
f 878 881 901
f 868 865 859
f 859 867 868
f 868 867 874
f 874 881 868
f 868 881 865
f 772 773 789
f 789 779 772
f 772 760 773
f 752 760 772
f 766 752 772
f 778 766 772
f 772 779 778
f 773 760 783
f 783 790 773
f 783 761 787
f 783 760 761
f 801 803 794
f 794 790 801
f 793 779 794
f 794 808 793
f 794 779 789
f 789 790 794
f 794 803 809
f 809 808 794
f 2035 2039 2040
f 2039 2043 2040
f 2033 2035 2040
f 2040 2043 2033
f 2044 2049 2033
f 2033 2043 2044
f 2044 2050 2049
f 2044 2055 2050
f 2044 2043 2054
f 2054 2055 2044
f 2053 2050 2060
f 2050 2055 2060
f 2060 2055 2063
f 2062 2053 2060
f 2060 2063 2062
f 822 864 865
f 865 878 822
f 822 878 813
f 822 813 800
f 800 864 822
f 801 790 791
f 790 783 791
f 796 812 791
f 791 812 801
f 791 787 796
f 791 783 787

